Iteration,BS1,SA1,BS2,SA2,BS3,SA3,BS4,SA4,BS5,SA5
0,22820.0,23992.0,19074.0,20194.0,21578.0,22190.0,20466.0,21667.0,20734.0,20794.0
1,21699.0,24046.0,17383.0,19304.0,20057.0,21799.0,19234.0,21526.0,19491.0,20719.0
2,20628.0,23992.0,16412.0,19181.0,18846.0,21214.0,18280.0,21206.0,18321.0,20628.0
3,19615.0,23405.0,15342.0,19171.0,17648.0,21143.0,17305.0,20657.0,17314.0,20328.0
4,18584.0,23137.0,14431.0,19154.0,16768.0,20838.0,16449.0,20598.0,16412.0,20248.0
5,17644.0,22969.0,13629.0,19047.0,15920.0,20599.0,15619.0,20551.0,15494.0,20108.0
6,16735.0,22969.0,12658.0,18876.0,15127.0,20020.0,14871.0,20432.0,14722.0,19890.0
7,15853.0,22969.0,11877.0,18870.0,14337.0,19288.0,14188.0,20339.0,14006.0,19815.0
8,14995.0,22969.0,11151.0,18860.0,13550.0,19273.0,13551.0,20148.0,13262.0,19804.0
9,14170.0,22969.0,10634.0,18723.0,12822.0,18781.0,12763.0,20016.0,12637.0,19666.0
10,13368.0,22969.0,10170.0,18186.0,12171.0,18633.0,12171.0,19807.0,12093.0,19430.0
11,12687.0,22969.0,9792.0,18068.0,11501.0,18416.0,11576.0,19753.0,11551.0,19180.0
12,12000.0,22969.0,9417.0,17879.0,10882.0,17989.0,11021.0,19326.0,11067.0,19124.0
13,11341.0,22969.0,9100.0,17873.0,10313.0,17903.0,10520.0,19170.0,10588.0,18937.0
14,10721.0,22969.0,8756.0,17711.0,9818.0,17698.0,10074.0,19159.0,10161.0,18712.0
15,10140.0,22969.0,8442.0,17527.0,9416.0,17678.0,9658.0,19145.0,9699.0,18591.0
16,9576.0,22969.0,8140.0,17356.0,8998.0,17614.0,9285.0,18927.0,9323.0,18576.0
17,9087.0,22969.0,7909.0,17319.0,8633.0,17400.0,8977.0,18795.0,8955.0,18571.0
18,8583.0,22969.0,7685.0,17227.0,8272.0,17397.0,8695.0,18586.0,8611.0,18270.0
19,8195.0,22969.0,7471.0,17191.0,7971.0,17396.0,8423.0,18422.0,8369.0,18116.0
20,7831.0,22969.0,7224.0,17089.0,7705.0,17385.0,8164.0,18198.0,8074.0,17753.0
21,7625.0,22969.0,7006.0,17076.0,7448.0,17314.0,7887.0,18044.0,7843.0,17747.0
22,7428.0,22969.0,6831.0,16919.0,7264.0,17053.0,7690.0,18040.0,7632.0,16958.0
23,7184.0,22969.0,6695.0,16897.0,7083.0,16928.0,7327.0,17917.0,7374.0,16887.0
24,6965.0,22969.0,6568.0,16895.0,6862.0,16837.0,7151.0,17776.0,7184.0,16704.0
25,6774.0,22969.0,6414.0,16644.0,6716.0,16724.0,6978.0,17755.0,7001.0,16652.0
26,6614.0,22969.0,6302.0,16631.0,6571.0,16469.0,6817.0,17707.0,6740.0,16571.0
27,6459.0,22969.0,6197.0,16444.0,6456.0,16326.0,6682.0,17633.0,6571.0,16417.0
28,6321.0,22969.0,6105.0,16411.0,6341.0,16289.0,6549.0,17352.0,6438.0,16288.0
29,6228.0,22969.0,6024.0,16357.0,6234.0,16246.0,6425.0,17263.0,6317.0,16286.0
30,6140.0,22969.0,5975.0,16126.0,6137.0,16152.0,6297.0,17255.0,6157.0,16042.0
31,6057.0,22969.0,5932.0,15854.0,6025.0,15935.0,6189.0,17099.0,6068.0,16025.0
32,5974.0,22969.0,5890.0,15496.0,5954.0,15896.0,6074.0,17061.0,5988.0,15765.0
33,5873.0,22969.0,5849.0,15486.0,5792.0,15809.0,5967.0,16869.0,5916.0,15680.0
34,5813.0,22969.0,5767.0,15435.0,5728.0,15796.0,5881.0,16722.0,5859.0,15662.0
35,5746.0,22969.0,5728.0,15405.0,5677.0,15782.0,5627.0,16632.0,5815.0,15610.0
36,5591.0,22969.0,5696.0,15391.0,5639.0,15724.0,5560.0,16624.0,5771.0,15549.0
37,5536.0,22969.0,5597.0,15205.0,5606.0,15631.0,5514.0,16564.0,5732.0,15493.0
38,5493.0,22969.0,5567.0,14926.0,5593.0,15569.0,5474.0,16454.0,5693.0,15455.0
39,5427.0,22969.0,5553.0,14869.0,5580.0,15476.0,5440.0,16418.0,5659.0,15326.0
40,5349.0,22969.0,5546.0,14751.0,5570.0,15346.0,5406.0,16259.0,5631.0,15064.0
41,5319.0,22969.0,5545.0,14704.0,5570.0,15297.0,5376.0,16034.0,5583.0,15001.0
42,5310.0,22969.0,5514.0,14608.0,5570.0,15251.0,5346.0,15919.0,5559.0,14989.0
43,5309.0,22969.0,5514.0,14552.0,5570.0,15117.0,5322.0,15915.0,5537.0,14933.0
44,5309.0,22969.0,5514.0,14317.0,5570.0,15113.0,5301.0,15877.0,5407.0,14898.0
45,5309.0,22969.0,5514.0,14207.0,5570.0,15068.0,5299.0,15838.0,5399.0,14874.0
46,5309.0,22969.0,5514.0,14042.0,5570.0,14995.0,5293.0,15781.0,5391.0,14805.0
47,5309.0,22969.0,5514.0,14028.0,5570.0,14985.0,5292.0,15780.0,5391.0,14731.0
48,5309.0,22969.0,5514.0,13912.0,5570.0,14929.0,5292.0,15712.0,5391.0,14717.0
49,5309.0,22969.0,5514.0,13826.0,5570.0,14924.0,5292.0,15449.0,5391.0,14618.0
50,5309.0,22969.0,5514.0,13805.0,5570.0,14889.0,5292.0,15415.0,5391.0,14554.0
51,5309.0,22969.0,5514.0,13659.0,5570.0,14783.0,5292.0,15244.0,5391.0,14478.0
52,5309.0,22969.0,5514.0,13644.0,5570.0,14632.0,5292.0,15110.0,5391.0,14445.0
53,5309.0,22969.0,5514.0,13629.0,5570.0,14492.0,5292.0,15009.0,5391.0,14431.0
54,5309.0,22969.0,5514.0,5119.0,5570.0,5119.0,5292.0,5119.0,5391.0,5119.0
55,5309.0,22969.0,5514.0,5119.0,5570.0,5119.0,5292.0,5119.0,5391.0,5119.0
56,5309.0,22969.0,5514.0,5119.0,5570.0,5119.0,5292.0,5119.0,5391.0,5119.0
57,5309.0,22969.0,5514.0,5119.0,5570.0,5119.0,5292.0,5119.0,5391.0,5119.0
58,5309.0,22969.0,5514.0,5119.0,5570.0,5119.0,5292.0,5119.0,5391.0,5119.0
59,5309.0,22969.0,5514.0,5119.0,5570.0,5119.0,5292.0,5119.0,5391.0,5119.0
60,5309.0,22969.0,5514.0,5119.0,5570.0,5119.0,5292.0,5119.0,5391.0,5119.0
61,5309.0,22969.0,5514.0,5119.0,5570.0,5119.0,5292.0,5119.0,5391.0,5119.0
62,5309.0,22969.0,5514.0,5119.0,5570.0,5119.0,5292.0,5119.0,5391.0,5119.0
63,5309.0,22969.0,5514.0,5119.0,5570.0,5119.0,5292.0,5119.0,5391.0,5119.0
64,5309.0,22969.0,5514.0,5119.0,5570.0,5119.0,5292.0,5119.0,5391.0,5119.0
65,5309.0,22969.0,5514.0,5119.0,5570.0,5119.0,5292.0,5119.0,5391.0,5119.0
66,5309.0,22969.0,5514.0,5119.0,5570.0,5119.0,5292.0,5119.0,5391.0,5119.0
67,5309.0,22969.0,5514.0,5119.0,5570.0,5119.0,5292.0,5119.0,5391.0,5119.0
68,5309.0,22969.0,5514.0,5119.0,5570.0,5119.0,5292.0,5119.0,5391.0,5119.0
69,5309.0,22969.0,5514.0,5119.0,5570.0,5119.0,5292.0,5119.0,5391.0,5119.0
70,5309.0,22969.0,5514.0,5119.0,5570.0,5119.0,5292.0,5119.0,5391.0,5119.0
71,5309.0,22969.0,5514.0,5119.0,5570.0,5119.0,5292.0,5119.0,5391.0,5119.0
72,5309.0,22969.0,5514.0,5119.0,5570.0,5119.0,5292.0,5119.0,5391.0,5119.0
73,5309.0,22969.0,5514.0,5119.0,5570.0,5119.0,5292.0,5119.0,5391.0,5119.0
74,5309.0,22969.0,5514.0,5119.0,5570.0,5119.0,5292.0,5119.0,5391.0,5119.0
75,5309.0,22969.0,5514.0,5119.0,5570.0,5119.0,5292.0,5119.0,5391.0,5119.0
76,5309.0,22969.0,5514.0,5119.0,5570.0,5119.0,5292.0,5119.0,5391.0,5119.0
77,5309.0,22969.0,5514.0,5119.0,5570.0,5119.0,5292.0,5119.0,5391.0,5119.0
78,5309.0,22969.0,5514.0,5119.0,5570.0,5119.0,5292.0,5119.0,5391.0,5119.0
79,5309.0,22969.0,5514.0,5119.0,5570.0,5119.0,5292.0,5119.0,5391.0,5119.0
80,5309.0,22969.0,5514.0,5119.0,5570.0,5119.0,5292.0,5119.0,5391.0,5119.0
81,5309.0,22969.0,5514.0,5119.0,5570.0,5119.0,5292.0,5119.0,5391.0,5119.0
82,5309.0,22969.0,5514.0,5119.0,5570.0,5119.0,5292.0,5119.0,5391.0,5119.0
83,5309.0,22969.0,5514.0,5119.0,5570.0,5119.0,5292.0,5119.0,5391.0,5119.0
84,5309.0,22969.0,5514.0,5119.0,5570.0,5119.0,5292.0,5119.0,5391.0,5119.0
85,5309.0,22969.0,5514.0,5119.0,5570.0,5119.0,5292.0,5119.0,5391.0,5119.0
86,5309.0,22969.0,5514.0,5119.0,5570.0,5119.0,5292.0,5119.0,5391.0,5119.0
87,5309.0,22969.0,5514.0,5119.0,5570.0,5119.0,5292.0,5119.0,5391.0,5119.0
88,5309.0,22969.0,5514.0,5119.0,5570.0,5119.0,5292.0,5119.0,5391.0,5119.0
89,5309.0,22969.0,5514.0,5119.0,5570.0,5119.0,5292.0,5119.0,5391.0,5119.0
90,5309.0,22969.0,5514.0,5119.0,5570.0,5119.0,5292.0,5119.0,5391.0,5119.0
91,5309.0,22969.0,5514.0,5119.0,5570.0,5119.0,5292.0,5119.0,5391.0,5119.0
92,5309.0,22969.0,5514.0,5119.0,5570.0,5119.0,5292.0,5119.0,5391.0,5119.0
93,5309.0,22969.0,5514.0,5119.0,5570.0,5119.0,5292.0,5119.0,5391.0,5119.0
94,5309.0,22969.0,5514.0,5119.0,5570.0,5119.0,5292.0,5119.0,5391.0,5119.0
95,5309.0,22969.0,5514.0,5119.0,5570.0,5119.0,5292.0,5119.0,5391.0,5119.0
96,5309.0,22969.0,5514.0,5119.0,5570.0,5119.0,5292.0,5119.0,5391.0,5119.0
97,5309.0,22969.0,5514.0,5119.0,5570.0,5119.0,5292.0,5119.0,5391.0,5119.0
98,5309.0,22969.0,5514.0,5119.0,5570.0,5119.0,5292.0,5119.0,5391.0,5119.0
99,5309.0,22969.0,5514.0,5119.0,5570.0,5119.0,5292.0,5119.0,5391.0,5119.0
100,5309.0,22969.0,5514.0,5119.0,5570.0,5119.0,5292.0,5119.0,5391.0,5119.0
101,5309.0,22969.0,5514.0,5119.0,5570.0,5119.0,5292.0,5119.0,5391.0,5119.0
102,5309.0,22969.0,5514.0,5119.0,5570.0,5119.0,5292.0,5119.0,5391.0,5119.0
103,5309.0,22969.0,5514.0,5119.0,5570.0,5119.0,5292.0,5119.0,5391.0,5119.0
104,5309.0,22969.0,5514.0,5119.0,5570.0,5119.0,5292.0,5119.0,5391.0,5119.0
105,5309.0,22969.0,5514.0,5119.0,5570.0,5119.0,5292.0,5119.0,5391.0,5119.0
106,5309.0,22969.0,5514.0,5119.0,5570.0,5119.0,5292.0,5119.0,5391.0,5119.0
107,5309.0,22969.0,5514.0,5119.0,5570.0,5119.0,5292.0,5119.0,5391.0,5119.0
108,5309.0,22969.0,5514.0,5119.0,5570.0,5119.0,5292.0,5119.0,5391.0,5119.0
109,5309.0,22969.0,5514.0,5119.0,5570.0,5119.0,5292.0,5119.0,5391.0,5119.0
110,5309.0,22969.0,5514.0,5119.0,5570.0,5119.0,5292.0,5119.0,5391.0,5119.0
111,5309.0,22969.0,5514.0,5119.0,5570.0,5119.0,5292.0,5119.0,5391.0,5119.0
112,5309.0,22969.0,5514.0,5119.0,5570.0,5119.0,5292.0,5119.0,5391.0,5119.0
113,5309.0,22969.0,5514.0,5119.0,5570.0,5119.0,5292.0,5119.0,5391.0,5119.0
114,5309.0,22969.0,5514.0,5119.0,5570.0,5119.0,5292.0,5119.0,5391.0,5119.0
115,5309.0,22969.0,5514.0,5119.0,5570.0,5119.0,5292.0,5119.0,5391.0,5119.0
116,5309.0,22969.0,5514.0,5119.0,5570.0,5119.0,5292.0,5119.0,5391.0,5119.0
117,5309.0,22969.0,5514.0,5119.0,5570.0,5119.0,5292.0,5119.0,5391.0,5119.0
118,5309.0,22969.0,5514.0,5119.0,5570.0,5119.0,5292.0,5119.0,5391.0,5119.0
119,5309.0,22969.0,5514.0,5119.0,5570.0,5119.0,5292.0,5119.0,5391.0,5119.0
120,5309.0,22969.0,5514.0,5119.0,5570.0,5119.0,5292.0,5119.0,5391.0,5119.0
121,5309.0,22969.0,5514.0,5119.0,5570.0,5119.0,5292.0,5119.0,5391.0,5119.0
122,5309.0,22969.0,5514.0,5119.0,5570.0,5119.0,5292.0,5119.0,5391.0,5119.0
123,5309.0,22969.0,5514.0,5119.0,5570.0,5119.0,5292.0,5119.0,5391.0,5119.0
124,5309.0,22969.0,5514.0,5119.0,5570.0,5119.0,5292.0,5119.0,5391.0,5119.0
125,5309.0,22969.0,5514.0,5119.0,5570.0,5119.0,5292.0,5119.0,5391.0,5119.0
126,5309.0,22969.0,5514.0,5119.0,5570.0,5119.0,5292.0,5119.0,5391.0,5119.0
127,5309.0,22969.0,5514.0,5119.0,5570.0,5119.0,5292.0,5119.0,5391.0,5119.0
128,5309.0,22969.0,5514.0,5119.0,5570.0,5119.0,5292.0,5119.0,5391.0,5119.0
129,5309.0,22969.0,5514.0,5119.0,5570.0,5119.0,5292.0,5119.0,5391.0,5119.0
130,5309.0,22969.0,5514.0,5119.0,5570.0,5119.0,5292.0,5119.0,5391.0,5119.0
131,5309.0,22969.0,5514.0,5119.0,5570.0,5119.0,5292.0,5119.0,5391.0,5119.0
132,5309.0,22969.0,5514.0,5119.0,5570.0,5119.0,5292.0,5119.0,5391.0,5119.0
133,5309.0,22969.0,5514.0,5119.0,5570.0,5119.0,5292.0,5119.0,5391.0,5119.0
134,5309.0,22969.0,5514.0,5119.0,5570.0,5119.0,5292.0,5119.0,5391.0,5119.0
135,5309.0,22969.0,5514.0,5119.0,5570.0,5119.0,5292.0,5119.0,5391.0,5119.0
136,5309.0,22969.0,5514.0,5119.0,5570.0,5119.0,5292.0,5119.0,5391.0,5119.0
137,5309.0,22969.0,5514.0,5119.0,5570.0,5119.0,5292.0,5119.0,5391.0,5119.0
138,5309.0,22969.0,5514.0,5119.0,5570.0,5119.0,5292.0,5119.0,5391.0,5119.0
139,5309.0,22969.0,5514.0,5119.0,5570.0,5119.0,5292.0,5119.0,5391.0,5119.0
140,5309.0,22969.0,5514.0,5119.0,5570.0,5119.0,5292.0,5119.0,5391.0,5119.0
141,5309.0,22969.0,5514.0,5119.0,5570.0,5119.0,5292.0,5119.0,5391.0,5119.0
142,5309.0,22969.0,5514.0,5119.0,5570.0,5119.0,5292.0,5119.0,5391.0,5119.0
143,5309.0,22969.0,5514.0,5119.0,5570.0,5119.0,5292.0,5119.0,5391.0,5119.0
144,5309.0,22969.0,5514.0,5119.0,5570.0,5119.0,5292.0,5119.0,5391.0,5119.0
145,5309.0,22969.0,5514.0,5119.0,5570.0,5119.0,5292.0,5119.0,5391.0,5119.0
146,5309.0,22969.0,5514.0,5119.0,5570.0,5119.0,5292.0,5119.0,5391.0,5119.0
147,5309.0,22969.0,5514.0,5119.0,5570.0,5119.0,5292.0,5119.0,5391.0,5119.0
148,5309.0,22969.0,5514.0,5119.0,5570.0,5119.0,5292.0,5119.0,5391.0,5119.0
149,5309.0,22969.0,5514.0,5119.0,5570.0,5119.0,5292.0,5119.0,5391.0,5119.0
150,5309.0,22969.0,5514.0,5119.0,5570.0,5119.0,5292.0,5119.0,5391.0,5119.0
151,5309.0,22969.0,5514.0,5119.0,5570.0,5119.0,5292.0,5119.0,5391.0,5119.0
152,5309.0,22969.0,5514.0,5119.0,5570.0,5119.0,5292.0,5119.0,5391.0,5119.0
153,5309.0,22969.0,5514.0,5119.0,5570.0,5119.0,5292.0,5119.0,5391.0,5119.0
154,5309.0,22969.0,5514.0,5119.0,5570.0,5119.0,5292.0,5119.0,5391.0,5119.0
155,5309.0,22969.0,5514.0,5119.0,5570.0,5119.0,5292.0,5119.0,5391.0,5119.0
156,5309.0,22969.0,5514.0,5119.0,5570.0,5119.0,5292.0,5119.0,5391.0,5119.0
157,5309.0,22969.0,5514.0,5119.0,5570.0,5119.0,5292.0,5119.0,5391.0,5119.0
158,5309.0,22969.0,5514.0,5119.0,5570.0,5119.0,5292.0,5119.0,5391.0,5119.0
159,5309.0,22969.0,5514.0,5119.0,5570.0,5119.0,5292.0,5119.0,5391.0,5119.0
160,5309.0,22969.0,5514.0,5119.0,5570.0,5119.0,5292.0,5119.0,5391.0,5119.0
161,5309.0,22969.0,5514.0,5119.0,5570.0,5119.0,5292.0,5119.0,5391.0,5119.0
162,5309.0,22969.0,5514.0,5119.0,5570.0,5119.0,5292.0,5119.0,5391.0,5119.0
163,5309.0,22969.0,5514.0,5119.0,5570.0,5119.0,5292.0,5119.0,5391.0,5119.0
164,5309.0,22969.0,5514.0,5119.0,5570.0,5119.0,5292.0,5119.0,5391.0,5119.0
165,5309.0,22969.0,5514.0,5119.0,5570.0,5119.0,5292.0,5119.0,5391.0,5119.0
166,5309.0,22969.0,5514.0,5119.0,5570.0,5119.0,5292.0,5119.0,5391.0,5119.0
167,5309.0,22969.0,5514.0,5119.0,5570.0,5119.0,5292.0,5119.0,5391.0,5119.0
168,5309.0,22969.0,5514.0,5119.0,5570.0,5119.0,5292.0,5119.0,5391.0,5119.0
169,5309.0,22969.0,5514.0,5119.0,5570.0,5119.0,5292.0,5119.0,5391.0,5119.0
170,5309.0,22969.0,5514.0,5119.0,5570.0,5119.0,5292.0,5119.0,5391.0,5119.0
171,5309.0,22969.0,5514.0,5119.0,5570.0,5119.0,5292.0,5119.0,5391.0,5119.0
172,5309.0,22969.0,5514.0,5119.0,5570.0,5119.0,5292.0,5119.0,5391.0,5119.0
173,5309.0,22969.0,5514.0,5119.0,5570.0,5119.0,5292.0,5119.0,5391.0,5119.0
174,5309.0,22969.0,5514.0,5119.0,5570.0,5119.0,5292.0,5119.0,5391.0,5119.0
175,5309.0,22969.0,5514.0,5119.0,5570.0,5119.0,5292.0,5119.0,5391.0,5119.0
176,5309.0,22969.0,5514.0,5119.0,5570.0,5119.0,5292.0,5119.0,5391.0,5119.0
177,5309.0,22969.0,5514.0,5119.0,5570.0,5119.0,5292.0,5119.0,5391.0,5119.0
178,5309.0,22969.0,5514.0,5119.0,5570.0,5119.0,5292.0,5119.0,5391.0,5119.0
179,5309.0,22969.0,5514.0,5119.0,5570.0,5119.0,5292.0,5119.0,5391.0,5119.0
180,5309.0,22969.0,5514.0,5119.0,5570.0,5119.0,5292.0,5119.0,5391.0,5119.0
181,5309.0,22969.0,5514.0,5119.0,5570.0,5119.0,5292.0,5119.0,5391.0,5119.0
182,5309.0,22969.0,5514.0,5119.0,5570.0,5119.0,5292.0,5119.0,5391.0,5119.0
183,5309.0,22969.0,5514.0,5119.0,5570.0,5119.0,5292.0,5119.0,5391.0,5119.0
184,5309.0,22969.0,5514.0,5119.0,5570.0,5119.0,5292.0,5119.0,5391.0,5119.0
185,5309.0,22969.0,5514.0,5119.0,5570.0,5119.0,5292.0,5119.0,5391.0,5119.0
186,5309.0,22969.0,5514.0,5119.0,5570.0,5119.0,5292.0,5119.0,5391.0,5119.0
187,5309.0,22969.0,5514.0,5119.0,5570.0,5119.0,5292.0,5119.0,5391.0,5119.0
188,5309.0,22969.0,5514.0,5119.0,5570.0,5119.0,5292.0,5119.0,5391.0,5119.0
189,5309.0,22969.0,5514.0,5119.0,5570.0,5119.0,5292.0,5119.0,5391.0,5119.0
190,5309.0,22969.0,5514.0,5119.0,5570.0,5119.0,5292.0,5119.0,5391.0,5119.0
191,5309.0,22969.0,5514.0,5119.0,5570.0,5119.0,5292.0,5119.0,5391.0,5119.0
192,5309.0,22969.0,5514.0,5119.0,5570.0,5119.0,5292.0,5119.0,5391.0,5119.0
193,5309.0,22969.0,5514.0,5119.0,5570.0,5119.0,5292.0,5119.0,5391.0,5119.0
194,5309.0,22969.0,5514.0,5119.0,5570.0,5119.0,5292.0,5119.0,5391.0,5119.0
195,5309.0,22969.0,5514.0,5119.0,5570.0,5119.0,5292.0,5119.0,5391.0,5119.0
196,5309.0,22969.0,5514.0,5119.0,5570.0,5119.0,5292.0,5119.0,5391.0,5119.0
197,5309.0,22969.0,5514.0,5119.0,5570.0,5119.0,5292.0,5119.0,5391.0,5119.0
198,5309.0,22969.0,5514.0,5119.0,5570.0,5119.0,5292.0,5119.0,5391.0,5119.0
199,5309.0,22969.0,5514.0,5119.0,5570.0,5119.0,5292.0,5119.0,5391.0,5119.0
200,5309.0,22969.0,5514.0,5119.0,5570.0,5119.0,5292.0,5119.0,5391.0,5119.0
201,5309.0,22969.0,5514.0,5119.0,5570.0,5119.0,5292.0,5119.0,5391.0,5119.0
202,5309.0,22969.0,5514.0,5119.0,5570.0,5119.0,5292.0,5119.0,5391.0,5119.0
203,5309.0,22969.0,5514.0,5119.0,5570.0,5119.0,5292.0,5119.0,5391.0,5119.0
204,5309.0,22969.0,5514.0,5119.0,5570.0,5119.0,5292.0,5119.0,5391.0,5119.0
205,5309.0,22969.0,5514.0,5119.0,5570.0,5119.0,5292.0,5119.0,5391.0,5119.0
206,5309.0,22969.0,5514.0,5119.0,5570.0,5119.0,5292.0,5119.0,5391.0,5119.0
207,5309.0,22969.0,5514.0,5119.0,5570.0,5119.0,5292.0,5119.0,5391.0,5119.0
208,5309.0,22969.0,5514.0,5119.0,5570.0,5119.0,5292.0,5119.0,5391.0,5119.0
209,5309.0,22969.0,5514.0,5119.0,5570.0,5119.0,5292.0,5119.0,5391.0,5119.0
210,5309.0,22969.0,5514.0,5119.0,5570.0,5119.0,5292.0,5119.0,5391.0,5119.0
211,5309.0,22969.0,5514.0,5119.0,5570.0,5119.0,5292.0,5119.0,5391.0,5119.0
212,5309.0,22969.0,5514.0,5119.0,5570.0,5119.0,5292.0,5119.0,5391.0,5119.0
213,5309.0,22969.0,5514.0,5119.0,5570.0,5119.0,5292.0,5119.0,5391.0,5119.0
214,5309.0,22969.0,5514.0,5119.0,5570.0,5119.0,5292.0,5119.0,5391.0,5119.0
215,5309.0,22969.0,5514.0,5119.0,5570.0,5119.0,5292.0,5119.0,5391.0,5119.0
216,5309.0,22969.0,5514.0,5119.0,5570.0,5119.0,5292.0,5119.0,5391.0,5119.0
217,5309.0,22969.0,5514.0,5119.0,5570.0,5119.0,5292.0,5119.0,5391.0,5119.0
218,5309.0,22969.0,5514.0,5119.0,5570.0,5119.0,5292.0,5119.0,5391.0,5119.0
219,5309.0,22969.0,5514.0,5119.0,5570.0,5119.0,5292.0,5119.0,5391.0,5119.0
220,5309.0,22969.0,5514.0,5119.0,5570.0,5119.0,5292.0,5119.0,5391.0,5119.0
221,5309.0,22969.0,5514.0,5119.0,5570.0,5119.0,5292.0,5119.0,5391.0,5119.0
222,5309.0,22969.0,5514.0,5119.0,5570.0,5119.0,5292.0,5119.0,5391.0,5119.0
223,5309.0,22969.0,5514.0,5119.0,5570.0,5119.0,5292.0,5119.0,5391.0,5119.0
224,5309.0,22969.0,5514.0,5119.0,5570.0,5119.0,5292.0,5119.0,5391.0,5119.0
225,5309.0,22969.0,5514.0,5119.0,5570.0,5119.0,5292.0,5119.0,5391.0,5119.0
226,5309.0,22969.0,5514.0,5119.0,5570.0,5119.0,5292.0,5119.0,5391.0,5119.0
227,5309.0,22969.0,5514.0,5119.0,5570.0,5119.0,5292.0,5119.0,5391.0,5119.0
228,5309.0,22969.0,5514.0,5119.0,5570.0,5119.0,5292.0,5119.0,5391.0,5119.0
229,5309.0,22969.0,5514.0,5119.0,5570.0,5119.0,5292.0,5119.0,5391.0,5119.0
230,5309.0,22969.0,5514.0,5119.0,5570.0,5119.0,5292.0,5119.0,5391.0,5119.0
231,5309.0,22969.0,5514.0,5119.0,5570.0,5119.0,5292.0,5119.0,5391.0,5119.0
232,5309.0,22969.0,5514.0,5119.0,5570.0,5119.0,5292.0,5119.0,5391.0,5119.0
233,5309.0,22969.0,5514.0,5119.0,5570.0,5119.0,5292.0,5119.0,5391.0,5119.0
234,5309.0,22969.0,5514.0,5119.0,5570.0,5119.0,5292.0,5119.0,5391.0,5119.0
235,5309.0,22969.0,5514.0,5119.0,5570.0,5119.0,5292.0,5119.0,5391.0,5119.0
236,5309.0,22969.0,5514.0,5119.0,5570.0,5119.0,5292.0,5119.0,5391.0,5119.0
237,5309.0,22969.0,5514.0,5119.0,5570.0,5119.0,5292.0,5119.0,5391.0,5119.0
238,5309.0,22969.0,5514.0,5119.0,5570.0,5119.0,5292.0,5119.0,5391.0,5119.0
239,5309.0,22969.0,5514.0,5119.0,5570.0,5119.0,5292.0,5119.0,5391.0,5119.0
240,5309.0,22969.0,5514.0,5119.0,5570.0,5119.0,5292.0,5119.0,5391.0,5119.0
241,5309.0,22969.0,5514.0,5119.0,5570.0,5119.0,5292.0,5119.0,5391.0,5119.0
242,5309.0,22969.0,5514.0,5119.0,5570.0,5119.0,5292.0,5119.0,5391.0,5119.0
243,5309.0,22969.0,5514.0,5119.0,5570.0,5119.0,5292.0,5119.0,5391.0,5119.0
244,5309.0,22969.0,5514.0,5119.0,5570.0,5119.0,5292.0,5119.0,5391.0,5119.0
245,5309.0,22969.0,5514.0,5119.0,5570.0,5119.0,5292.0,5119.0,5391.0,5119.0
246,5309.0,22969.0,5514.0,5119.0,5570.0,5119.0,5292.0,5119.0,5391.0,5119.0
247,5309.0,22969.0,5514.0,5119.0,5570.0,5119.0,5292.0,5119.0,5391.0,5119.0
248,5309.0,22969.0,5514.0,5119.0,5570.0,5119.0,5292.0,5119.0,5391.0,5119.0
249,5309.0,22969.0,5514.0,5119.0,5570.0,5119.0,5292.0,5119.0,5391.0,5119.0
250,5309.0,22969.0,5514.0,5119.0,5570.0,5119.0,5292.0,5119.0,5391.0,5119.0
251,5309.0,22969.0,5514.0,5119.0,5570.0,5119.0,5292.0,5119.0,5391.0,5119.0
252,5309.0,22969.0,5514.0,5119.0,5570.0,5119.0,5292.0,5119.0,5391.0,5119.0
253,5309.0,22969.0,5514.0,5119.0,5570.0,5119.0,5292.0,5119.0,5391.0,5119.0
254,5309.0,22635.0,5514.0,5119.0,5570.0,5119.0,5292.0,5119.0,5391.0,5119.0
255,5309.0,22214.0,5514.0,5119.0,5570.0,5119.0,5292.0,5119.0,5391.0,5119.0
256,5309.0,21916.0,5514.0,5119.0,5570.0,5119.0,5292.0,5119.0,5391.0,5119.0
257,5309.0,21722.0,5514.0,5119.0,5570.0,5119.0,5292.0,5119.0,5391.0,5119.0
258,5309.0,21348.0,5514.0,5119.0,5570.0,5119.0,5292.0,5119.0,5391.0,5119.0
259,5309.0,21237.0,5514.0,5119.0,5570.0,5119.0,5292.0,5119.0,5391.0,5119.0
260,5309.0,21032.0,5514.0,5119.0,5570.0,5119.0,5292.0,5119.0,5391.0,5119.0
261,5309.0,21008.0,5514.0,5119.0,5570.0,5119.0,5292.0,5119.0,5391.0,5119.0
262,5309.0,20787.0,5514.0,5119.0,5570.0,5119.0,5292.0,5119.0,5391.0,5119.0
263,5309.0,20727.0,5514.0,5119.0,5570.0,5119.0,5292.0,5119.0,5391.0,5119.0
264,5309.0,20308.0,5514.0,5119.0,5570.0,5119.0,5292.0,5119.0,5391.0,5119.0
265,5309.0,19864.0,5514.0,5119.0,5570.0,5119.0,5292.0,5119.0,5391.0,5119.0
266,5309.0,19756.0,5514.0,5119.0,5570.0,5119.0,5292.0,5119.0,5391.0,5119.0
267,5309.0,19550.0,5514.0,5119.0,5570.0,5119.0,5292.0,5119.0,5391.0,5119.0
268,5309.0,19362.0,5514.0,5119.0,5570.0,5119.0,5292.0,5119.0,5391.0,5119.0
269,5309.0,19331.0,5514.0,5119.0,5570.0,5119.0,5292.0,5119.0,5391.0,5119.0
270,5309.0,19326.0,5514.0,5119.0,5570.0,5119.0,5292.0,5119.0,5391.0,5119.0
271,5309.0,19302.0,5514.0,5119.0,5570.0,5119.0,5292.0,5119.0,5391.0,5119.0
272,5309.0,19181.0,5514.0,5119.0,5570.0,5119.0,5292.0,5119.0,5391.0,5119.0
273,5309.0,18584.0,5514.0,5119.0,5570.0,5119.0,5292.0,5119.0,5391.0,5119.0
274,5309.0,18529.0,5514.0,5119.0,5570.0,5119.0,5292.0,5119.0,5391.0,5119.0
275,5309.0,18525.0,5514.0,5119.0,5570.0,5119.0,5292.0,5119.0,5391.0,5119.0
276,5309.0,18511.0,5514.0,5119.0,5570.0,5119.0,5292.0,5119.0,5391.0,5119.0
277,5309.0,18397.0,5514.0,5119.0,5570.0,5119.0,5292.0,5119.0,5391.0,5119.0
278,5309.0,18088.0,5514.0,5119.0,5570.0,5119.0,5292.0,5119.0,5391.0,5119.0
279,5309.0,18087.0,5514.0,5119.0,5570.0,5119.0,5292.0,5119.0,5391.0,5119.0
280,5309.0,17984.0,5514.0,5119.0,5570.0,5119.0,5292.0,5119.0,5391.0,5119.0
281,5309.0,17851.0,5514.0,5119.0,5570.0,5119.0,5292.0,5119.0,5391.0,5119.0
282,5309.0,17542.0,5514.0,5119.0,5570.0,5119.0,5292.0,5119.0,5391.0,5119.0
283,5309.0,17436.0,5514.0,5119.0,5570.0,5119.0,5292.0,5119.0,5391.0,5119.0
284,5309.0,17220.0,5514.0,5119.0,5570.0,5119.0,5292.0,5119.0,5391.0,5119.0
285,5309.0,17011.0,5514.0,5119.0,5570.0,5119.0,5292.0,5119.0,5391.0,5119.0
286,5309.0,16909.0,5514.0,5119.0,5570.0,5119.0,5292.0,5119.0,5391.0,5119.0
287,5309.0,16799.0,5514.0,5119.0,5570.0,5119.0,5292.0,5119.0,5391.0,5119.0
288,5309.0,16668.0,5514.0,5119.0,5570.0,5119.0,5292.0,5119.0,5391.0,5119.0
289,5309.0,16623.0,5514.0,5119.0,5570.0,5119.0,5292.0,5119.0,5391.0,5119.0
290,5309.0,16515.0,5514.0,5119.0,5570.0,5119.0,5292.0,5119.0,5391.0,5119.0
291,5309.0,16390.0,5514.0,5119.0,5570.0,5119.0,5292.0,5119.0,5391.0,5119.0
292,5309.0,16046.0,5514.0,5119.0,5570.0,5119.0,5292.0,5119.0,5391.0,5119.0
293,5309.0,16028.0,5514.0,5119.0,5570.0,5119.0,5292.0,5119.0,5391.0,5119.0
294,5309.0,15922.0,5514.0,5119.0,5570.0,5119.0,5292.0,5119.0,5391.0,5119.0
295,5309.0,15906.0,5514.0,5119.0,5570.0,5119.0,5292.0,5119.0,5391.0,5119.0
296,5309.0,15836.0,5514.0,5119.0,5570.0,5119.0,5292.0,5119.0,5391.0,5119.0
297,5309.0,15768.0,5514.0,5119.0,5570.0,5119.0,5292.0,5119.0,5391.0,5119.0
298,5309.0,15635.0,5514.0,5119.0,5570.0,5119.0,5292.0,5119.0,5391.0,5119.0
299,5309.0,15368.0,5514.0,5119.0,5570.0,5119.0,5292.0,5119.0,5391.0,5119.0
300,5309.0,15336.0,5514.0,5119.0,5570.0,5119.0,5292.0,5119.0,5391.0,5119.0
301,5309.0,15313.0,5514.0,5119.0,5570.0,5119.0,5292.0,5119.0,5391.0,5119.0
302,5309.0,15230.0,5514.0,5119.0,5570.0,5119.0,5292.0,5119.0,5391.0,5119.0
303,5309.0,15146.0,5514.0,5119.0,5570.0,5119.0,5292.0,5119.0,5391.0,5119.0
304,5309.0,15041.0,5514.0,5119.0,5570.0,5119.0,5292.0,5119.0,5391.0,5119.0
305,5309.0,14912.0,5514.0,5119.0,5570.0,5119.0,5292.0,5119.0,5391.0,5119.0
306,5309.0,14855.0,5514.0,5119.0,5570.0,5119.0,5292.0,5119.0,5391.0,5119.0
307,5309.0,14753.0,5514.0,5119.0,5570.0,5119.0,5292.0,5119.0,5391.0,5119.0
308,5309.0,14699.0,5514.0,5119.0,5570.0,5119.0,5292.0,5119.0,5391.0,5119.0
309,5309.0,14674.0,5514.0,5119.0,5570.0,5119.0,5292.0,5119.0,5391.0,5119.0
310,5309.0,14420.0,5514.0,5119.0,5570.0,5119.0,5292.0,5119.0,5391.0,5119.0
311,5309.0,14386.0,5514.0,5119.0,5570.0,5119.0,5292.0,5119.0,5391.0,5119.0
312,5309.0,14342.0,5514.0,5119.0,5570.0,5119.0,5292.0,5119.0,5391.0,5119.0
313,5309.0,14236.0,5514.0,5119.0,5570.0,5119.0,5292.0,5119.0,5391.0,5119.0
314,5309.0,14188.0,5514.0,5119.0,5570.0,5119.0,5292.0,5119.0,5391.0,5119.0
315,5309.0,14134.0,5514.0,5119.0,5570.0,5119.0,5292.0,5119.0,5391.0,5119.0
316,5309.0,13998.0,5514.0,5119.0,5570.0,5119.0,5292.0,5119.0,5391.0,5119.0
317,5309.0,13914.0,5514.0,5119.0,5570.0,5119.0,5292.0,5119.0,5391.0,5119.0
318,5309.0,13759.0,5514.0,5119.0,5570.0,5119.0,5292.0,5119.0,5391.0,5119.0
319,5309.0,13751.0,5514.0,5119.0,5570.0,5119.0,5292.0,5119.0,5391.0,5119.0
320,5309.0,13663.0,5514.0,5119.0,5570.0,5119.0,5292.0,5119.0,5391.0,5119.0
321,5309.0,13650.0,5514.0,5119.0,5570.0,5119.0,5292.0,5119.0,5391.0,5119.0
322,5309.0,13596.0,5514.0,5119.0,5570.0,5119.0,5292.0,5119.0,5391.0,5119.0
323,5309.0,13417.0,5514.0,5119.0,5570.0,5119.0,5292.0,5119.0,5391.0,5119.0
324,5309.0,13394.0,5514.0,5119.0,5570.0,5119.0,5292.0,5119.0,5391.0,5119.0
325,5309.0,13351.0,5514.0,5119.0,5570.0,5119.0,5292.0,5119.0,5391.0,5119.0
326,5309.0,13283.0,5514.0,5119.0,5570.0,5119.0,5292.0,5119.0,5391.0,5119.0
327,5309.0,13259.0,5514.0,5119.0,5570.0,5119.0,5292.0,5119.0,5391.0,5119.0
328,5309.0,13174.0,5514.0,5119.0,5570.0,5119.0,5292.0,5119.0,5391.0,5119.0
329,5309.0,13166.0,5514.0,5119.0,5570.0,5119.0,5292.0,5119.0,5391.0,5119.0
330,5309.0,13130.0,5514.0,5119.0,5570.0,5119.0,5292.0,5119.0,5391.0,5119.0
331,5309.0,13015.0,5514.0,5119.0,5570.0,5119.0,5292.0,5119.0,5391.0,5119.0
332,5309.0,12795.0,5514.0,5119.0,5570.0,5119.0,5292.0,5119.0,5391.0,5119.0
333,5309.0,12565.0,5514.0,5119.0,5570.0,5119.0,5292.0,5119.0,5391.0,5119.0
334,5309.0,12368.0,5514.0,5119.0,5570.0,5119.0,5292.0,5119.0,5391.0,5119.0
335,5309.0,12242.0,5514.0,5119.0,5570.0,5119.0,5292.0,5119.0,5391.0,5119.0
336,5309.0,12101.0,5514.0,5119.0,5570.0,5119.0,5292.0,5119.0,5391.0,5119.0
337,5309.0,11999.0,5514.0,5119.0,5570.0,5119.0,5292.0,5119.0,5391.0,5119.0
338,5309.0,11985.0,5514.0,5119.0,5570.0,5119.0,5292.0,5119.0,5391.0,5119.0
339,5309.0,11982.0,5514.0,5119.0,5570.0,5119.0,5292.0,5119.0,5391.0,5119.0
340,5309.0,11918.0,5514.0,5119.0,5570.0,5119.0,5292.0,5119.0,5391.0,5119.0
341,5309.0,11759.0,5514.0,5119.0,5570.0,5119.0,5292.0,5119.0,5391.0,5119.0
342,5309.0,11675.0,5514.0,5119.0,5570.0,5119.0,5292.0,5119.0,5391.0,5119.0
343,5309.0,11662.0,5514.0,5119.0,5570.0,5119.0,5292.0,5119.0,5391.0,5119.0
344,5309.0,11608.0,5514.0,5119.0,5570.0,5119.0,5292.0,5119.0,5391.0,5119.0
345,5309.0,11560.0,5514.0,5119.0,5570.0,5119.0,5292.0,5119.0,5391.0,5119.0
346,5309.0,11214.0,5514.0,5119.0,5570.0,5119.0,5292.0,5119.0,5391.0,5119.0
347,5309.0,11061.0,5514.0,5119.0,5570.0,5119.0,5292.0,5119.0,5391.0,5119.0
348,5309.0,10971.0,5514.0,5119.0,5570.0,5119.0,5292.0,5119.0,5391.0,5119.0
349,5309.0,10815.0,5514.0,5119.0,5570.0,5119.0,5292.0,5119.0,5391.0,5119.0
350,5309.0,10773.0,5514.0,5119.0,5570.0,5119.0,5292.0,5119.0,5391.0,5119.0
351,5309.0,10742.0,5514.0,5119.0,5570.0,5119.0,5292.0,5119.0,5391.0,5119.0
352,5309.0,10708.0,5514.0,5119.0,5570.0,5119.0,5292.0,5119.0,5391.0,5119.0
353,5309.0,10548.0,5514.0,5119.0,5570.0,5119.0,5292.0,5119.0,5391.0,5119.0
354,5309.0,10483.0,5514.0,5119.0,5570.0,5119.0,5292.0,5119.0,5391.0,5119.0
355,5309.0,10450.0,5514.0,5119.0,5570.0,5119.0,5292.0,5119.0,5391.0,5119.0
356,5309.0,10400.0,5514.0,5119.0,5570.0,5119.0,5292.0,5119.0,5391.0,5119.0
357,5309.0,10312.0,5514.0,5119.0,5570.0,5119.0,5292.0,5119.0,5391.0,5119.0
358,5309.0,10115.0,5514.0,5119.0,5570.0,5119.0,5292.0,5119.0,5391.0,5119.0
359,5309.0,10064.0,5514.0,5119.0,5570.0,5119.0,5292.0,5119.0,5391.0,5119.0
360,5309.0,9874.0,5514.0,5119.0,5570.0,5119.0,5292.0,5119.0,5391.0,5119.0
361,5309.0,9777.0,5514.0,5119.0,5570.0,5119.0,5292.0,5119.0,5391.0,5119.0
362,5309.0,9697.0,5514.0,5119.0,5570.0,5119.0,5292.0,5119.0,5391.0,5119.0
363,5309.0,9682.0,5514.0,5119.0,5570.0,5119.0,5292.0,5119.0,5391.0,5119.0
364,5309.0,9645.0,5514.0,5119.0,5570.0,5119.0,5292.0,5119.0,5391.0,5119.0
365,5309.0,9606.0,5514.0,5119.0,5570.0,5119.0,5292.0,5119.0,5391.0,5119.0
366,5309.0,9544.0,5514.0,5119.0,5570.0,5119.0,5292.0,5119.0,5391.0,5119.0
367,5309.0,9519.0,5514.0,5119.0,5570.0,5119.0,5292.0,5119.0,5391.0,5119.0
368,5309.0,9517.0,5514.0,5119.0,5570.0,5119.0,5292.0,5119.0,5391.0,5119.0
369,5309.0,9384.0,5514.0,5119.0,5570.0,5119.0,5292.0,5119.0,5391.0,5119.0
370,5309.0,9351.0,5514.0,5119.0,5570.0,5119.0,5292.0,5119.0,5391.0,5119.0
371,5309.0,9349.0,5514.0,5119.0,5570.0,5119.0,5292.0,5119.0,5391.0,5119.0
372,5309.0,9125.0,5514.0,5119.0,5570.0,5119.0,5292.0,5119.0,5391.0,5119.0
373,5309.0,9043.0,5514.0,5119.0,5570.0,5119.0,5292.0,5119.0,5391.0,5119.0
374,5309.0,8923.0,5514.0,5119.0,5570.0,5119.0,5292.0,5119.0,5391.0,5119.0
375,5309.0,8922.0,5514.0,5119.0,5570.0,5119.0,5292.0,5119.0,5391.0,5119.0
376,5309.0,8891.0,5514.0,5119.0,5570.0,5119.0,5292.0,5119.0,5391.0,5119.0
377,5309.0,8874.0,5514.0,5119.0,5570.0,5119.0,5292.0,5119.0,5391.0,5119.0
378,5309.0,8867.0,5514.0,5119.0,5570.0,5119.0,5292.0,5119.0,5391.0,5119.0
379,5309.0,8853.0,5514.0,5119.0,5570.0,5119.0,5292.0,5119.0,5391.0,5119.0
380,5309.0,8851.0,5514.0,5119.0,5570.0,5119.0,5292.0,5119.0,5391.0,5119.0
381,5309.0,8845.0,5514.0,5119.0,5570.0,5119.0,5292.0,5119.0,5391.0,5119.0
382,5309.0,8815.0,5514.0,5119.0,5570.0,5119.0,5292.0,5119.0,5391.0,5119.0
383,5309.0,8703.0,5514.0,5119.0,5570.0,5119.0,5292.0,5119.0,5391.0,5119.0
384,5309.0,8659.0,5514.0,5119.0,5570.0,5119.0,5292.0,5119.0,5391.0,5119.0
385,5309.0,8582.0,5514.0,5119.0,5570.0,5119.0,5292.0,5119.0,5391.0,5119.0
386,5309.0,8549.0,5514.0,5119.0,5570.0,5119.0,5292.0,5119.0,5391.0,5119.0
387,5309.0,8541.0,5514.0,5119.0,5570.0,5119.0,5292.0,5119.0,5391.0,5119.0
388,5309.0,8487.0,5514.0,5119.0,5570.0,5119.0,5292.0,5119.0,5391.0,5119.0
389,5309.0,8290.0,5514.0,5119.0,5570.0,5119.0,5292.0,5119.0,5391.0,5119.0
390,5309.0,8261.0,5514.0,5119.0,5570.0,5119.0,5292.0,5119.0,5391.0,5119.0
391,5309.0,8224.0,5514.0,5119.0,5570.0,5119.0,5292.0,5119.0,5391.0,5119.0
392,5309.0,8189.0,5514.0,5119.0,5570.0,5119.0,5292.0,5119.0,5391.0,5119.0
393,5309.0,8046.0,5514.0,5119.0,5570.0,5119.0,5292.0,5119.0,5391.0,5119.0
394,5309.0,8001.0,5514.0,5119.0,5570.0,5119.0,5292.0,5119.0,5391.0,5119.0
395,5309.0,7880.0,5514.0,5119.0,5570.0,5119.0,5292.0,5119.0,5391.0,5119.0
396,5309.0,7866.0,5514.0,5119.0,5570.0,5119.0,5292.0,5119.0,5391.0,5119.0
397,5309.0,7770.0,5514.0,5119.0,5570.0,5119.0,5292.0,5119.0,5391.0,5119.0
398,5309.0,7728.0,5514.0,5119.0,5570.0,5119.0,5292.0,5119.0,5391.0,5119.0
399,5309.0,7670.0,5514.0,5119.0,5570.0,5119.0,5292.0,5119.0,5391.0,5119.0
400,5309.0,7613.0,5514.0,5119.0,5570.0,5119.0,5292.0,5119.0,5391.0,5119.0
401,5309.0,7605.0,5514.0,5119.0,5570.0,5119.0,5292.0,5119.0,5391.0,5119.0
402,5309.0,7588.0,5514.0,5119.0,5570.0,5119.0,5292.0,5119.0,5391.0,5119.0
403,5309.0,7464.0,5514.0,5119.0,5570.0,5119.0,5292.0,5119.0,5391.0,5119.0
404,5309.0,7458.0,5514.0,5119.0,5570.0,5119.0,5292.0,5119.0,5391.0,5119.0
405,5309.0,7409.0,5514.0,5119.0,5570.0,5119.0,5292.0,5119.0,5391.0,5119.0
406,5309.0,7407.0,5514.0,5119.0,5570.0,5119.0,5292.0,5119.0,5391.0,5119.0
407,5309.0,7365.0,5514.0,5119.0,5570.0,5119.0,5292.0,5119.0,5391.0,5119.0
408,5309.0,7224.0,5514.0,5119.0,5570.0,5119.0,5292.0,5119.0,5391.0,5119.0
409,5309.0,7193.0,5514.0,5119.0,5570.0,5119.0,5292.0,5119.0,5391.0,5119.0
410,5309.0,7159.0,5514.0,5119.0,5570.0,5119.0,5292.0,5119.0,5391.0,5119.0
411,5309.0,7117.0,5514.0,5119.0,5570.0,5119.0,5292.0,5119.0,5391.0,5119.0
412,5309.0,7007.0,5514.0,5119.0,5570.0,5119.0,5292.0,5119.0,5391.0,5119.0
413,5309.0,7006.0,5514.0,5119.0,5570.0,5119.0,5292.0,5119.0,5391.0,5119.0
414,5309.0,6975.0,5514.0,5119.0,5570.0,5119.0,5292.0,5119.0,5391.0,5119.0
415,5309.0,6931.0,5514.0,5119.0,5570.0,5119.0,5292.0,5119.0,5391.0,5119.0
416,5309.0,6914.0,5514.0,5119.0,5570.0,5119.0,5292.0,5119.0,5391.0,5119.0
417,5309.0,6881.0,5514.0,5119.0,5570.0,5119.0,5292.0,5119.0,5391.0,5119.0
418,5309.0,6870.0,5514.0,5119.0,5570.0,5119.0,5292.0,5119.0,5391.0,5119.0
419,5309.0,6731.0,5514.0,5119.0,5570.0,5119.0,5292.0,5119.0,5391.0,5119.0
420,5309.0,6725.0,5514.0,5119.0,5570.0,5119.0,5292.0,5119.0,5391.0,5119.0
421,5309.0,6614.0,5514.0,5119.0,5570.0,5119.0,5292.0,5119.0,5391.0,5119.0
422,5309.0,6562.0,5514.0,5119.0,5570.0,5119.0,5292.0,5119.0,5391.0,5119.0
423,5309.0,6413.0,5514.0,5119.0,5570.0,5119.0,5292.0,5119.0,5391.0,5119.0
424,5309.0,6402.0,5514.0,5119.0,5570.0,5119.0,5292.0,5119.0,5391.0,5119.0
425,5309.0,6364.0,5514.0,5119.0,5570.0,5119.0,5292.0,5119.0,5391.0,5119.0
426,5309.0,6354.0,5514.0,5119.0,5570.0,5119.0,5292.0,5119.0,5391.0,5119.0
427,5309.0,6346.0,5514.0,5119.0,5570.0,5119.0,5292.0,5119.0,5391.0,5119.0
428,5309.0,6321.0,5514.0,5119.0,5570.0,5119.0,5292.0,5119.0,5391.0,5119.0
429,5309.0,6303.0,5514.0,5119.0,5570.0,5119.0,5292.0,5119.0,5391.0,5119.0
430,5309.0,6115.0,5514.0,5119.0,5570.0,5119.0,5292.0,5119.0,5391.0,5119.0
431,5309.0,6063.0,5514.0,5119.0,5570.0,5119.0,5292.0,5119.0,5391.0,5119.0
432,5309.0,6055.0,5514.0,5119.0,5570.0,5119.0,5292.0,5119.0,5391.0,5119.0
433,5309.0,5991.0,5514.0,5119.0,5570.0,5119.0,5292.0,5119.0,5391.0,5119.0
434,5309.0,5963.0,5514.0,5119.0,5570.0,5119.0,5292.0,5119.0,5391.0,5119.0
435,5309.0,5878.0,5514.0,5119.0,5570.0,5119.0,5292.0,5119.0,5391.0,5119.0
436,5309.0,5873.0,5514.0,5119.0,5570.0,5119.0,5292.0,5119.0,5391.0,5119.0
437,5309.0,5822.0,5514.0,5119.0,5570.0,5119.0,5292.0,5119.0,5391.0,5119.0
438,5309.0,5821.0,5514.0,5119.0,5570.0,5119.0,5292.0,5119.0,5391.0,5119.0
439,5309.0,5802.0,5514.0,5119.0,5570.0,5119.0,5292.0,5119.0,5391.0,5119.0
440,5309.0,5787.0,5514.0,5119.0,5570.0,5119.0,5292.0,5119.0,5391.0,5119.0
441,5309.0,5763.0,5514.0,5119.0,5570.0,5119.0,5292.0,5119.0,5391.0,5119.0
442,5309.0,5741.0,5514.0,5119.0,5570.0,5119.0,5292.0,5119.0,5391.0,5119.0
443,5309.0,5731.0,5514.0,5119.0,5570.0,5119.0,5292.0,5119.0,5391.0,5119.0
444,5309.0,5628.0,5514.0,5119.0,5570.0,5119.0,5292.0,5119.0,5391.0,5119.0
445,5309.0,5623.0,5514.0,5119.0,5570.0,5119.0,5292.0,5119.0,5391.0,5119.0
446,5309.0,5622.0,5514.0,5119.0,5570.0,5119.0,5292.0,5119.0,5391.0,5119.0
447,5309.0,5547.0,5514.0,5119.0,5570.0,5119.0,5292.0,5119.0,5391.0,5119.0
448,5309.0,5545.0,5514.0,5119.0,5570.0,5119.0,5292.0,5119.0,5391.0,5119.0
449,5309.0,5452.0,5514.0,5119.0,5570.0,5119.0,5292.0,5119.0,5391.0,5119.0
450,5309.0,5377.0,5514.0,5119.0,5570.0,5119.0,5292.0,5119.0,5391.0,5119.0
451,5309.0,5300.0,5514.0,5119.0,5570.0,5119.0,5292.0,5119.0,5391.0,5119.0
452,5309.0,5294.0,5514.0,5119.0,5570.0,5119.0,5292.0,5119.0,5391.0,5119.0
453,5309.0,5240.0,5514.0,5119.0,5570.0,5119.0,5292.0,5119.0,5391.0,5119.0
454,5309.0,5119.0,5514.0,5119.0,5570.0,5119.0,5292.0,5119.0,5391.0,5119.0
455,5309.0,5119.0,5514.0,5119.0,5570.0,5119.0,5292.0,5119.0,5391.0,5119.0
456,5309.0,5119.0,5514.0,5119.0,5570.0,5119.0,5292.0,5119.0,5391.0,5119.0
457,5309.0,5119.0,5514.0,5119.0,5570.0,5119.0,5292.0,5119.0,5391.0,5119.0
458,5309.0,5119.0,5514.0,5119.0,5570.0,5119.0,5292.0,5119.0,5391.0,5119.0
459,5309.0,5119.0,5514.0,5119.0,5570.0,5119.0,5292.0,5119.0,5391.0,5119.0
460,5309.0,5119.0,5514.0,5119.0,5570.0,5119.0,5292.0,5119.0,5391.0,5119.0
461,5309.0,5119.0,5514.0,5119.0,5570.0,5119.0,5292.0,5119.0,5391.0,5119.0
462,5309.0,5119.0,5514.0,5119.0,5570.0,5119.0,5292.0,5119.0,5391.0,5119.0
463,5309.0,5119.0,5514.0,5119.0,5570.0,5119.0,5292.0,5119.0,5391.0,5119.0
464,5309.0,5119.0,5514.0,5119.0,5570.0,5119.0,5292.0,5119.0,5391.0,5119.0
465,5309.0,5119.0,5514.0,5119.0,5570.0,5119.0,5292.0,5119.0,5391.0,5119.0
466,5309.0,5119.0,5514.0,5119.0,5570.0,5119.0,5292.0,5119.0,5391.0,5119.0
467,5309.0,5119.0,5514.0,5119.0,5570.0,5119.0,5292.0,5119.0,5391.0,5119.0
468,5309.0,5119.0,5514.0,5119.0,5570.0,5119.0,5292.0,5119.0,5391.0,5119.0
469,5309.0,5119.0,5514.0,5119.0,5570.0,5119.0,5292.0,5119.0,5391.0,5119.0
470,5309.0,5119.0,5514.0,5119.0,5570.0,5119.0,5292.0,5119.0,5391.0,5119.0
471,5309.0,5119.0,5514.0,5119.0,5570.0,5119.0,5292.0,5119.0,5391.0,5119.0
472,5309.0,5119.0,5514.0,5119.0,5570.0,5119.0,5292.0,5119.0,5391.0,5119.0
473,5309.0,5119.0,5514.0,5119.0,5570.0,5119.0,5292.0,5119.0,5391.0,5119.0
474,5309.0,5119.0,5514.0,5119.0,5570.0,5119.0,5292.0,5119.0,5391.0,5119.0
475,5309.0,5119.0,5514.0,5119.0,5570.0,5119.0,5292.0,5119.0,5391.0,5119.0
476,5309.0,5119.0,5514.0,5119.0,5570.0,5119.0,5292.0,5119.0,5391.0,5119.0
477,5309.0,5119.0,5514.0,5119.0,5570.0,5119.0,5292.0,5119.0,5391.0,5119.0
478,5309.0,5119.0,5514.0,5119.0,5570.0,5119.0,5292.0,5119.0,5391.0,5119.0
479,5309.0,5119.0,5514.0,5119.0,5570.0,5119.0,5292.0,5119.0,5391.0,5119.0
480,5309.0,5119.0,5514.0,5119.0,5570.0,5119.0,5292.0,5119.0,5391.0,5119.0
481,5309.0,5119.0,5514.0,5119.0,5570.0,5119.0,5292.0,5119.0,5391.0,5119.0
482,5309.0,5119.0,5514.0,5119.0,5570.0,5119.0,5292.0,5119.0,5391.0,5119.0
483,5309.0,5119.0,5514.0,5119.0,5570.0,5119.0,5292.0,5119.0,5391.0,5119.0
484,5309.0,5119.0,5514.0,5119.0,5570.0,5119.0,5292.0,5119.0,5391.0,5119.0
485,5309.0,5119.0,5514.0,5119.0,5570.0,5119.0,5292.0,5119.0,5391.0,5119.0
486,5309.0,5119.0,5514.0,5119.0,5570.0,5119.0,5292.0,5119.0,5391.0,5119.0
487,5309.0,5119.0,5514.0,5119.0,5570.0,5119.0,5292.0,5119.0,5391.0,5119.0
488,5309.0,5119.0,5514.0,5119.0,5570.0,5119.0,5292.0,5119.0,5391.0,5119.0
489,5309.0,5119.0,5514.0,5119.0,5570.0,5119.0,5292.0,5119.0,5391.0,5119.0
490,5309.0,5119.0,5514.0,5119.0,5570.0,5119.0,5292.0,5119.0,5391.0,5119.0
491,5309.0,5119.0,5514.0,5119.0,5570.0,5119.0,5292.0,5119.0,5391.0,5119.0
492,5309.0,5119.0,5514.0,5119.0,5570.0,5119.0,5292.0,5119.0,5391.0,5119.0
493,5309.0,5119.0,5514.0,5119.0,5570.0,5119.0,5292.0,5119.0,5391.0,5119.0
494,5309.0,5119.0,5514.0,5119.0,5570.0,5119.0,5292.0,5119.0,5391.0,5119.0
495,5309.0,5119.0,5514.0,5119.0,5570.0,5119.0,5292.0,5119.0,5391.0,5119.0
496,5309.0,5119.0,5514.0,5119.0,5570.0,5119.0,5292.0,5119.0,5391.0,5119.0
497,5309.0,5119.0,5514.0,5119.0,5570.0,5119.0,5292.0,5119.0,5391.0,5119.0
498,5309.0,5119.0,5514.0,5119.0,5570.0,5119.0,5292.0,5119.0,5391.0,5119.0
499,5309.0,5119.0,5514.0,5119.0,5570.0,5119.0,5292.0,5119.0,5391.0,5119.0
500,5309.0,5119.0,5514.0,5119.0,5570.0,5119.0,5292.0,5119.0,5391.0,5119.0
501,5309.0,5119.0,5514.0,5119.0,5570.0,5119.0,5292.0,5119.0,5391.0,5119.0
502,5309.0,5119.0,5514.0,5119.0,5570.0,5119.0,5292.0,5119.0,5391.0,5119.0
503,5309.0,5119.0,5514.0,5119.0,5570.0,5119.0,5292.0,5119.0,5391.0,5119.0
504,5309.0,5119.0,5514.0,5119.0,5570.0,5119.0,5292.0,5119.0,5391.0,5119.0
505,5309.0,5119.0,5514.0,5119.0,5570.0,5119.0,5292.0,5119.0,5391.0,5119.0
506,5309.0,5119.0,5514.0,5119.0,5570.0,5119.0,5292.0,5119.0,5391.0,5119.0
507,5309.0,5119.0,5514.0,5119.0,5570.0,5119.0,5292.0,5119.0,5391.0,5119.0
508,5309.0,5119.0,5514.0,5119.0,5570.0,5119.0,5292.0,5119.0,5391.0,5119.0
509,5309.0,5119.0,5514.0,5119.0,5570.0,5119.0,5292.0,5119.0,5391.0,5119.0
510,5309.0,5119.0,5514.0,5119.0,5570.0,5119.0,5292.0,5119.0,5391.0,5119.0
511,5309.0,5119.0,5514.0,5119.0,5570.0,5119.0,5292.0,5119.0,5391.0,5119.0
512,5309.0,5119.0,5514.0,5119.0,5570.0,5119.0,5292.0,5119.0,5391.0,5119.0
513,5309.0,5119.0,5514.0,5119.0,5570.0,5119.0,5292.0,5119.0,5391.0,5119.0
514,5309.0,5119.0,5514.0,5119.0,5570.0,5119.0,5292.0,5119.0,5391.0,5119.0
515,5309.0,5119.0,5514.0,5119.0,5570.0,5119.0,5292.0,5119.0,5391.0,5119.0
516,5309.0,5119.0,5514.0,5119.0,5570.0,5119.0,5292.0,5119.0,5391.0,5119.0
517,5309.0,5119.0,5514.0,5119.0,5570.0,5119.0,5292.0,5119.0,5391.0,5119.0
518,5309.0,5119.0,5514.0,5119.0,5570.0,5119.0,5292.0,5119.0,5391.0,5119.0
519,5309.0,5119.0,5514.0,5119.0,5570.0,5119.0,5292.0,5119.0,5391.0,5119.0
520,5309.0,5119.0,5514.0,5119.0,5570.0,5119.0,5292.0,5119.0,5391.0,5119.0
521,5309.0,5119.0,5514.0,5119.0,5570.0,5119.0,5292.0,5119.0,5391.0,5119.0
522,5309.0,5119.0,5514.0,5119.0,5570.0,5119.0,5292.0,5119.0,5391.0,5119.0
523,5309.0,5119.0,5514.0,5119.0,5570.0,5119.0,5292.0,5119.0,5391.0,5119.0
524,5309.0,5119.0,5514.0,5119.0,5570.0,5119.0,5292.0,5119.0,5391.0,5119.0
525,5309.0,5119.0,5514.0,5119.0,5570.0,5119.0,5292.0,5119.0,5391.0,5119.0
526,5309.0,5119.0,5514.0,5119.0,5570.0,5119.0,5292.0,5119.0,5391.0,5119.0
527,5309.0,5119.0,5514.0,5119.0,5570.0,5119.0,5292.0,5119.0,5391.0,5119.0
528,5309.0,5119.0,5514.0,5119.0,5570.0,5119.0,5292.0,5119.0,5391.0,5119.0
529,5309.0,5119.0,5514.0,5119.0,5570.0,5119.0,5292.0,5119.0,5391.0,5119.0
530,5309.0,5119.0,5514.0,5119.0,5570.0,5119.0,5292.0,5119.0,5391.0,5119.0
531,5309.0,5119.0,5514.0,5119.0,5570.0,5119.0,5292.0,5119.0,5391.0,5119.0
532,5309.0,5119.0,5514.0,5119.0,5570.0,5119.0,5292.0,5119.0,5391.0,5119.0
533,5309.0,5119.0,5514.0,5119.0,5570.0,5119.0,5292.0,5119.0,5391.0,5119.0
534,5309.0,5119.0,5514.0,5119.0,5570.0,5119.0,5292.0,5119.0,5391.0,5119.0
535,5309.0,5119.0,5514.0,5119.0,5570.0,5119.0,5292.0,5119.0,5391.0,5119.0
536,5309.0,5119.0,5514.0,5119.0,5570.0,5119.0,5292.0,5119.0,5391.0,5119.0
537,5309.0,5119.0,5514.0,5119.0,5570.0,5119.0,5292.0,5119.0,5391.0,5119.0
538,5309.0,5119.0,5514.0,5119.0,5570.0,5119.0,5292.0,5119.0,5391.0,5119.0
539,5309.0,5119.0,5514.0,5119.0,5570.0,5119.0,5292.0,5119.0,5391.0,5119.0
540,5309.0,5119.0,5514.0,5119.0,5570.0,5119.0,5292.0,5119.0,5391.0,5119.0
541,5309.0,5119.0,5514.0,5119.0,5570.0,5119.0,5292.0,5119.0,5391.0,5119.0
542,5309.0,5119.0,5514.0,5119.0,5570.0,5119.0,5292.0,5119.0,5391.0,5119.0
543,5309.0,5119.0,5514.0,5119.0,5570.0,5119.0,5292.0,5119.0,5391.0,5119.0
544,5309.0,5119.0,5514.0,5119.0,5570.0,5119.0,5292.0,5119.0,5391.0,5119.0
545,5309.0,5119.0,5514.0,5119.0,5570.0,5119.0,5292.0,5119.0,5391.0,5119.0
546,5309.0,5119.0,5514.0,5119.0,5570.0,5119.0,5292.0,5119.0,5391.0,5119.0
547,5309.0,5119.0,5514.0,5119.0,5570.0,5119.0,5292.0,5119.0,5391.0,5119.0
548,5309.0,5119.0,5514.0,5119.0,5570.0,5119.0,5292.0,5119.0,5391.0,5119.0
549,5309.0,5119.0,5514.0,5119.0,5570.0,5119.0,5292.0,5119.0,5391.0,5119.0
550,5309.0,5119.0,5514.0,5119.0,5570.0,5119.0,5292.0,5119.0,5391.0,5119.0
551,5309.0,5119.0,5514.0,5119.0,5570.0,5119.0,5292.0,5119.0,5391.0,5119.0
552,5309.0,5119.0,5514.0,5119.0,5570.0,5119.0,5292.0,5119.0,5391.0,5119.0
553,5309.0,5119.0,5514.0,5119.0,5570.0,5119.0,5292.0,5119.0,5391.0,5119.0
554,5309.0,5119.0,5514.0,5119.0,5570.0,5119.0,5292.0,5119.0,5391.0,5119.0
555,5309.0,5119.0,5514.0,5119.0,5570.0,5119.0,5292.0,5119.0,5391.0,5119.0
556,5309.0,5119.0,5514.0,5119.0,5570.0,5119.0,5292.0,5119.0,5391.0,5119.0
557,5309.0,5119.0,5514.0,5119.0,5570.0,5119.0,5292.0,5119.0,5391.0,5119.0
558,5309.0,5119.0,5514.0,5119.0,5570.0,5119.0,5292.0,5119.0,5391.0,5119.0
559,5309.0,5119.0,5514.0,5119.0,5570.0,5119.0,5292.0,5119.0,5391.0,5119.0
560,5309.0,5119.0,5514.0,5119.0,5570.0,5119.0,5292.0,5119.0,5391.0,5119.0
561,5309.0,5119.0,5514.0,5119.0,5570.0,5119.0,5292.0,5119.0,5391.0,5119.0
562,5309.0,5119.0,5514.0,5119.0,5570.0,5119.0,5292.0,5119.0,5391.0,5119.0
563,5309.0,5119.0,5514.0,5119.0,5570.0,5119.0,5292.0,5119.0,5391.0,5119.0
564,5309.0,5119.0,5514.0,5119.0,5570.0,5119.0,5292.0,5119.0,5391.0,5119.0
565,5309.0,5119.0,5514.0,5119.0,5570.0,5119.0,5292.0,5119.0,5391.0,5119.0
566,5309.0,5119.0,5514.0,5119.0,5570.0,5119.0,5292.0,5119.0,5391.0,5119.0
567,5309.0,5119.0,5514.0,5119.0,5570.0,5119.0,5292.0,5119.0,5391.0,5119.0
568,5309.0,5119.0,5514.0,5119.0,5570.0,5119.0,5292.0,5119.0,5391.0,5119.0
569,5309.0,5119.0,5514.0,5119.0,5570.0,5119.0,5292.0,5119.0,5391.0,5119.0
570,5309.0,5119.0,5514.0,5119.0,5570.0,5119.0,5292.0,5119.0,5391.0,5119.0
571,5309.0,5119.0,5514.0,5119.0,5570.0,5119.0,5292.0,5119.0,5391.0,5119.0
572,5309.0,5119.0,5514.0,5119.0,5570.0,5119.0,5292.0,5119.0,5391.0,5119.0
573,5309.0,5119.0,5514.0,5119.0,5570.0,5119.0,5292.0,5119.0,5391.0,5119.0
574,5309.0,5119.0,5514.0,5119.0,5570.0,5119.0,5292.0,5119.0,5391.0,5119.0
575,5309.0,5119.0,5514.0,5119.0,5570.0,5119.0,5292.0,5119.0,5391.0,5119.0
576,5309.0,5119.0,5514.0,5119.0,5570.0,5119.0,5292.0,5119.0,5391.0,5119.0
577,5309.0,5119.0,5514.0,5119.0,5570.0,5119.0,5292.0,5119.0,5391.0,5119.0
578,5309.0,5119.0,5514.0,5119.0,5570.0,5119.0,5292.0,5119.0,5391.0,5119.0
579,5309.0,5119.0,5514.0,5119.0,5570.0,5119.0,5292.0,5119.0,5391.0,5119.0
580,5309.0,5119.0,5514.0,5119.0,5570.0,5119.0,5292.0,5119.0,5391.0,5119.0
581,5309.0,5119.0,5514.0,5119.0,5570.0,5119.0,5292.0,5119.0,5391.0,5119.0
582,5309.0,5119.0,5514.0,5119.0,5570.0,5119.0,5292.0,5119.0,5391.0,5119.0
583,5309.0,5119.0,5514.0,5119.0,5570.0,5119.0,5292.0,5119.0,5391.0,5119.0
584,5309.0,5119.0,5514.0,5119.0,5570.0,5119.0,5292.0,5119.0,5391.0,5119.0
585,5309.0,5119.0,5514.0,5119.0,5570.0,5119.0,5292.0,5119.0,5391.0,5119.0
586,5309.0,5119.0,5514.0,5119.0,5570.0,5119.0,5292.0,5119.0,5391.0,5119.0
587,5309.0,5119.0,5514.0,5119.0,5570.0,5119.0,5292.0,5119.0,5391.0,5119.0
588,5309.0,5119.0,5514.0,5119.0,5570.0,5119.0,5292.0,5119.0,5391.0,5119.0
589,5309.0,5119.0,5514.0,5119.0,5570.0,5119.0,5292.0,5119.0,5391.0,5119.0
590,5309.0,5119.0,5514.0,5119.0,5570.0,5119.0,5292.0,5119.0,5391.0,5119.0
591,5309.0,5119.0,5514.0,5119.0,5570.0,5119.0,5292.0,5119.0,5391.0,5119.0
592,5309.0,5119.0,5514.0,5119.0,5570.0,5119.0,5292.0,5119.0,5391.0,5119.0
593,5309.0,5119.0,5514.0,5119.0,5570.0,5119.0,5292.0,5119.0,5391.0,5119.0
594,5309.0,5119.0,5514.0,5119.0,5570.0,5119.0,5292.0,5119.0,5391.0,5119.0
595,5309.0,5119.0,5514.0,5119.0,5570.0,5119.0,5292.0,5119.0,5391.0,5119.0
596,5309.0,5119.0,5514.0,5119.0,5570.0,5119.0,5292.0,5119.0,5391.0,5119.0
597,5309.0,5119.0,5514.0,5119.0,5570.0,5119.0,5292.0,5119.0,5391.0,5119.0
598,5309.0,5119.0,5514.0,5119.0,5570.0,5119.0,5292.0,5119.0,5391.0,5119.0
599,5309.0,5119.0,5514.0,5119.0,5570.0,5119.0,5292.0,5119.0,5391.0,5119.0
600,5309.0,5119.0,5514.0,5119.0,5570.0,5119.0,5292.0,5119.0,5391.0,5119.0
601,5309.0,5119.0,5514.0,5119.0,5570.0,5119.0,5292.0,5119.0,5391.0,5119.0
602,5309.0,5119.0,5514.0,5119.0,5570.0,5119.0,5292.0,5119.0,5391.0,5119.0
603,5309.0,5119.0,5514.0,5119.0,5570.0,5119.0,5292.0,5119.0,5391.0,5119.0
604,5309.0,5119.0,5514.0,5119.0,5570.0,5119.0,5292.0,5119.0,5391.0,5119.0
605,5309.0,5119.0,5514.0,5119.0,5570.0,5119.0,5292.0,5119.0,5391.0,5119.0
606,5309.0,5119.0,5514.0,5119.0,5570.0,5119.0,5292.0,5119.0,5391.0,5119.0
607,5309.0,5119.0,5514.0,5119.0,5570.0,5119.0,5292.0,5119.0,5391.0,5119.0
608,5309.0,5119.0,5514.0,5119.0,5570.0,5119.0,5292.0,5119.0,5391.0,5119.0
609,5309.0,5119.0,5514.0,5119.0,5570.0,5119.0,5292.0,5119.0,5391.0,5119.0
610,5309.0,5119.0,5514.0,5119.0,5570.0,5119.0,5292.0,5119.0,5391.0,5119.0
611,5309.0,5119.0,5514.0,5119.0,5570.0,5119.0,5292.0,5119.0,5391.0,5119.0
612,5309.0,5119.0,5514.0,5119.0,5570.0,5119.0,5292.0,5119.0,5391.0,5119.0
613,5309.0,5119.0,5514.0,5119.0,5570.0,5119.0,5292.0,5119.0,5391.0,5119.0
614,5309.0,5119.0,5514.0,5119.0,5570.0,5119.0,5292.0,5119.0,5391.0,5119.0
615,5309.0,5119.0,5514.0,5119.0,5570.0,5119.0,5292.0,5119.0,5391.0,5119.0
616,5309.0,5119.0,5514.0,5119.0,5570.0,5119.0,5292.0,5119.0,5391.0,5119.0
617,5309.0,5119.0,5514.0,5119.0,5570.0,5119.0,5292.0,5119.0,5391.0,5119.0
618,5309.0,5119.0,5514.0,5119.0,5570.0,5119.0,5292.0,5119.0,5391.0,5119.0
619,5309.0,5119.0,5514.0,5119.0,5570.0,5119.0,5292.0,5119.0,5391.0,5119.0
620,5309.0,5119.0,5514.0,5119.0,5570.0,5119.0,5292.0,5119.0,5391.0,5119.0
621,5309.0,5119.0,5514.0,5119.0,5570.0,5119.0,5292.0,5119.0,5391.0,5119.0
622,5309.0,5119.0,5514.0,5119.0,5570.0,5119.0,5292.0,5119.0,5391.0,5119.0
623,5309.0,5119.0,5514.0,5119.0,5570.0,5119.0,5292.0,5119.0,5391.0,5119.0
624,5309.0,5119.0,5514.0,5119.0,5570.0,5119.0,5292.0,5119.0,5391.0,5119.0
625,5309.0,5119.0,5514.0,5119.0,5570.0,5119.0,5292.0,5119.0,5391.0,5119.0
626,5309.0,5119.0,5514.0,5119.0,5570.0,5119.0,5292.0,5119.0,5391.0,5119.0
627,5309.0,5119.0,5514.0,5119.0,5570.0,5119.0,5292.0,5119.0,5391.0,5119.0
628,5309.0,5119.0,5514.0,5119.0,5570.0,5119.0,5292.0,5119.0,5391.0,5119.0
629,5309.0,5119.0,5514.0,5119.0,5570.0,5119.0,5292.0,5119.0,5391.0,5119.0
630,5309.0,5119.0,5514.0,5119.0,5570.0,5119.0,5292.0,5119.0,5391.0,5119.0
631,5309.0,5119.0,5514.0,5119.0,5570.0,5119.0,5292.0,5119.0,5391.0,5119.0
632,5309.0,5119.0,5514.0,5119.0,5570.0,5119.0,5292.0,5119.0,5391.0,5119.0
633,5309.0,5119.0,5514.0,5119.0,5570.0,5119.0,5292.0,5119.0,5391.0,5119.0
634,5309.0,5119.0,5514.0,5119.0,5570.0,5119.0,5292.0,5119.0,5391.0,5119.0
635,5309.0,5119.0,5514.0,5119.0,5570.0,5119.0,5292.0,5119.0,5391.0,5119.0
636,5309.0,5119.0,5514.0,5119.0,5570.0,5119.0,5292.0,5119.0,5391.0,5119.0
637,5309.0,5119.0,5514.0,5119.0,5570.0,5119.0,5292.0,5119.0,5391.0,5119.0
638,5309.0,5119.0,5514.0,5119.0,5570.0,5119.0,5292.0,5119.0,5391.0,5119.0
639,5309.0,5119.0,5514.0,5119.0,5570.0,5119.0,5292.0,5119.0,5391.0,5119.0
640,5309.0,5119.0,5514.0,5119.0,5570.0,5119.0,5292.0,5119.0,5391.0,5119.0
641,5309.0,5119.0,5514.0,5119.0,5570.0,5119.0,5292.0,5119.0,5391.0,5119.0
642,5309.0,5119.0,5514.0,5119.0,5570.0,5119.0,5292.0,5119.0,5391.0,5119.0
643,5309.0,5119.0,5514.0,5119.0,5570.0,5119.0,5292.0,5119.0,5391.0,5119.0
644,5309.0,5119.0,5514.0,5119.0,5570.0,5119.0,5292.0,5119.0,5391.0,5119.0
645,5309.0,5119.0,5514.0,5119.0,5570.0,5119.0,5292.0,5119.0,5391.0,5119.0
646,5309.0,5119.0,5514.0,5119.0,5570.0,5119.0,5292.0,5119.0,5391.0,5119.0
647,5309.0,5119.0,5514.0,5119.0,5570.0,5119.0,5292.0,5119.0,5391.0,5119.0
648,5309.0,5119.0,5514.0,5119.0,5570.0,5119.0,5292.0,5119.0,5391.0,5119.0
649,5309.0,5119.0,5514.0,5119.0,5570.0,5119.0,5292.0,5119.0,5391.0,5119.0
650,5309.0,5119.0,5514.0,5119.0,5570.0,5119.0,5292.0,5119.0,5391.0,5119.0
651,5309.0,5119.0,5514.0,5119.0,5570.0,5119.0,5292.0,5119.0,5391.0,5119.0
652,5309.0,5119.0,5514.0,5119.0,5570.0,5119.0,5292.0,5119.0,5391.0,5119.0
653,5309.0,5119.0,5514.0,5119.0,5570.0,5119.0,5292.0,5119.0,5391.0,5119.0
654,5309.0,5119.0,5514.0,5119.0,5570.0,5119.0,5292.0,5119.0,5391.0,5119.0
655,5309.0,5119.0,5514.0,5119.0,5570.0,5119.0,5292.0,5119.0,5391.0,5119.0
656,5309.0,5119.0,5514.0,5119.0,5570.0,5119.0,5292.0,5119.0,5391.0,5119.0
657,5309.0,5119.0,5514.0,5119.0,5570.0,5119.0,5292.0,5119.0,5391.0,5119.0
658,5309.0,5119.0,5514.0,5119.0,5570.0,5119.0,5292.0,5119.0,5391.0,5119.0
659,5309.0,5119.0,5514.0,5119.0,5570.0,5119.0,5292.0,5119.0,5391.0,5119.0
660,5309.0,5119.0,5514.0,5119.0,5570.0,5119.0,5292.0,5119.0,5391.0,5119.0
661,5309.0,5119.0,5514.0,5119.0,5570.0,5119.0,5292.0,5119.0,5391.0,5119.0
662,5309.0,5119.0,5514.0,5119.0,5570.0,5119.0,5292.0,5119.0,5391.0,5119.0
663,5309.0,5119.0,5514.0,5119.0,5570.0,5119.0,5292.0,5119.0,5391.0,5119.0
664,5309.0,5119.0,5514.0,5119.0,5570.0,5119.0,5292.0,5119.0,5391.0,5119.0
665,5309.0,5119.0,5514.0,5119.0,5570.0,5119.0,5292.0,5119.0,5391.0,5119.0
666,5309.0,5119.0,5514.0,5119.0,5570.0,5119.0,5292.0,5119.0,5391.0,5119.0
667,5309.0,5119.0,5514.0,5119.0,5570.0,5119.0,5292.0,5119.0,5391.0,5119.0
668,5309.0,5119.0,5514.0,5119.0,5570.0,5119.0,5292.0,5119.0,5391.0,5119.0
669,5309.0,5119.0,5514.0,5119.0,5570.0,5119.0,5292.0,5119.0,5391.0,5119.0
670,5309.0,5119.0,5514.0,5119.0,5570.0,5119.0,5292.0,5119.0,5391.0,5119.0
671,5309.0,5119.0,5514.0,5119.0,5570.0,5119.0,5292.0,5119.0,5391.0,5119.0
672,5309.0,5119.0,5514.0,5119.0,5570.0,5119.0,5292.0,5119.0,5391.0,5119.0
673,5309.0,5119.0,5514.0,5119.0,5570.0,5119.0,5292.0,5119.0,5391.0,5119.0
674,5309.0,5119.0,5514.0,5119.0,5570.0,5119.0,5292.0,5119.0,5391.0,5119.0
675,5309.0,5119.0,5514.0,5119.0,5570.0,5119.0,5292.0,5119.0,5391.0,5119.0
676,5309.0,5119.0,5514.0,5119.0,5570.0,5119.0,5292.0,5119.0,5391.0,5119.0
677,5309.0,5119.0,5514.0,5119.0,5570.0,5119.0,5292.0,5119.0,5391.0,5119.0
678,5309.0,5119.0,5514.0,5119.0,5570.0,5119.0,5292.0,5119.0,5391.0,5119.0
679,5309.0,5119.0,5514.0,5119.0,5570.0,5119.0,5292.0,5119.0,5391.0,5119.0
680,5309.0,5119.0,5514.0,5119.0,5570.0,5119.0,5292.0,5119.0,5391.0,5119.0
681,5309.0,5119.0,5514.0,5119.0,5570.0,5119.0,5292.0,5119.0,5391.0,5119.0
682,5309.0,5119.0,5514.0,5119.0,5570.0,5119.0,5292.0,5119.0,5391.0,5119.0
683,5309.0,5119.0,5514.0,5119.0,5570.0,5119.0,5292.0,5119.0,5391.0,5119.0
684,5309.0,5119.0,5514.0,5119.0,5570.0,5119.0,5292.0,5119.0,5391.0,5119.0
685,5309.0,5119.0,5514.0,5119.0,5570.0,5119.0,5292.0,5119.0,5391.0,5119.0
686,5309.0,5119.0,5514.0,5119.0,5570.0,5119.0,5292.0,5119.0,5391.0,5119.0
687,5309.0,5119.0,5514.0,5119.0,5570.0,5119.0,5292.0,5119.0,5391.0,5119.0
688,5309.0,5119.0,5514.0,5119.0,5570.0,5119.0,5292.0,5119.0,5391.0,5119.0
689,5309.0,5119.0,5514.0,5119.0,5570.0,5119.0,5292.0,5119.0,5391.0,5119.0
690,5309.0,5119.0,5514.0,5119.0,5570.0,5119.0,5292.0,5119.0,5391.0,5119.0
691,5309.0,5119.0,5514.0,5119.0,5570.0,5119.0,5292.0,5119.0,5391.0,5119.0
692,5309.0,5119.0,5514.0,5119.0,5570.0,5119.0,5292.0,5119.0,5391.0,5119.0
693,5309.0,5119.0,5514.0,5119.0,5570.0,5119.0,5292.0,5119.0,5391.0,5119.0
694,5309.0,5119.0,5514.0,5119.0,5570.0,5119.0,5292.0,5119.0,5391.0,5119.0
695,5309.0,5119.0,5514.0,5119.0,5570.0,5119.0,5292.0,5119.0,5391.0,5119.0
696,5309.0,5119.0,5514.0,5119.0,5570.0,5119.0,5292.0,5119.0,5391.0,5119.0
697,5309.0,5119.0,5514.0,5119.0,5570.0,5119.0,5292.0,5119.0,5391.0,5119.0
698,5309.0,5119.0,5514.0,5119.0,5570.0,5119.0,5292.0,5119.0,5391.0,5119.0
699,5309.0,5119.0,5514.0,5119.0,5570.0,5119.0,5292.0,5119.0,5391.0,5119.0
700,5309.0,5119.0,5514.0,5119.0,5570.0,5119.0,5292.0,5119.0,5391.0,5119.0
701,5309.0,5119.0,5514.0,5119.0,5570.0,5119.0,5292.0,5119.0,5391.0,5119.0
702,5309.0,5119.0,5514.0,5119.0,5570.0,5119.0,5292.0,5119.0,5391.0,5119.0
703,5309.0,5119.0,5514.0,5119.0,5570.0,5119.0,5292.0,5119.0,5391.0,5119.0
704,5309.0,5119.0,5514.0,5119.0,5570.0,5119.0,5292.0,5119.0,5391.0,5119.0
705,5309.0,5119.0,5514.0,5119.0,5570.0,5119.0,5292.0,5119.0,5391.0,5119.0
706,5309.0,5119.0,5514.0,5119.0,5570.0,5119.0,5292.0,5119.0,5391.0,5119.0
707,5309.0,5119.0,5514.0,5119.0,5570.0,5119.0,5292.0,5119.0,5391.0,5119.0
708,5309.0,5119.0,5514.0,5119.0,5570.0,5119.0,5292.0,5119.0,5391.0,5119.0
709,5309.0,5119.0,5514.0,5119.0,5570.0,5119.0,5292.0,5119.0,5391.0,5119.0
710,5309.0,5119.0,5514.0,5119.0,5570.0,5119.0,5292.0,5119.0,5391.0,5119.0
711,5309.0,5119.0,5514.0,5119.0,5570.0,5119.0,5292.0,5119.0,5391.0,5119.0
712,5309.0,5119.0,5514.0,5119.0,5570.0,5119.0,5292.0,5119.0,5391.0,5119.0
713,5309.0,5119.0,5514.0,5119.0,5570.0,5119.0,5292.0,5119.0,5391.0,5119.0
714,5309.0,5119.0,5514.0,5119.0,5570.0,5119.0,5292.0,5119.0,5391.0,5119.0
715,5309.0,5119.0,5514.0,5119.0,5570.0,5119.0,5292.0,5119.0,5391.0,5119.0
716,5309.0,5119.0,5514.0,5119.0,5570.0,5119.0,5292.0,5119.0,5391.0,5119.0
717,5309.0,5119.0,5514.0,5119.0,5570.0,5119.0,5292.0,5119.0,5391.0,5119.0
718,5309.0,5119.0,5514.0,5119.0,5570.0,5119.0,5292.0,5119.0,5391.0,5119.0
719,5309.0,5119.0,5514.0,5119.0,5570.0,5119.0,5292.0,5119.0,5391.0,5119.0
720,5309.0,5119.0,5514.0,5119.0,5570.0,5119.0,5292.0,5119.0,5391.0,5119.0
721,5309.0,5119.0,5514.0,5119.0,5570.0,5119.0,5292.0,5119.0,5391.0,5119.0
722,5309.0,5119.0,5514.0,5119.0,5570.0,5119.0,5292.0,5119.0,5391.0,5119.0
723,5309.0,5119.0,5514.0,5119.0,5570.0,5119.0,5292.0,5119.0,5391.0,5119.0
724,5309.0,5119.0,5514.0,5119.0,5570.0,5119.0,5292.0,5119.0,5391.0,5119.0
725,5309.0,5119.0,5514.0,5119.0,5570.0,5119.0,5292.0,5119.0,5391.0,5119.0
726,5309.0,5119.0,5514.0,5119.0,5570.0,5119.0,5292.0,5119.0,5391.0,5119.0
727,5309.0,5119.0,5514.0,5119.0,5570.0,5119.0,5292.0,5119.0,5391.0,5119.0
728,5309.0,5119.0,5514.0,5119.0,5570.0,5119.0,5292.0,5119.0,5391.0,5119.0
729,5309.0,5119.0,5514.0,5119.0,5570.0,5119.0,5292.0,5119.0,5391.0,5119.0
730,5309.0,5119.0,5514.0,5119.0,5570.0,5119.0,5292.0,5119.0,5391.0,5119.0
731,5309.0,5119.0,5514.0,5119.0,5570.0,5119.0,5292.0,5119.0,5391.0,5119.0
732,5309.0,5119.0,5514.0,5119.0,5570.0,5119.0,5292.0,5119.0,5391.0,5119.0
733,5309.0,5119.0,5514.0,5119.0,5570.0,5119.0,5292.0,5119.0,5391.0,5119.0
734,5309.0,5119.0,5514.0,5119.0,5570.0,5119.0,5292.0,5119.0,5391.0,5119.0
735,5309.0,5119.0,5514.0,5119.0,5570.0,5119.0,5292.0,5119.0,5391.0,5119.0
736,5309.0,5119.0,5514.0,5119.0,5570.0,5119.0,5292.0,5119.0,5391.0,5119.0
737,5309.0,5119.0,5514.0,5119.0,5570.0,5119.0,5292.0,5119.0,5391.0,5119.0
738,5309.0,5119.0,5514.0,5119.0,5570.0,5119.0,5292.0,5119.0,5391.0,5119.0
739,5309.0,5119.0,5514.0,5119.0,5570.0,5119.0,5292.0,5119.0,5391.0,5119.0
740,5309.0,5119.0,5514.0,5119.0,5570.0,5119.0,5292.0,5119.0,5391.0,5119.0
741,5309.0,5119.0,5514.0,5119.0,5570.0,5119.0,5292.0,5119.0,5391.0,5119.0
742,5309.0,5119.0,5514.0,5119.0,5570.0,5119.0,5292.0,5119.0,5391.0,5119.0
743,5309.0,5119.0,5514.0,5119.0,5570.0,5119.0,5292.0,5119.0,5391.0,5119.0
744,5309.0,5119.0,5514.0,5119.0,5570.0,5119.0,5292.0,5119.0,5391.0,5119.0
745,5309.0,5119.0,5514.0,5119.0,5570.0,5119.0,5292.0,5119.0,5391.0,5119.0
746,5309.0,5119.0,5514.0,5119.0,5570.0,5119.0,5292.0,5119.0,5391.0,5119.0
747,5309.0,5119.0,5514.0,5119.0,5570.0,5119.0,5292.0,5119.0,5391.0,5119.0
748,5309.0,5119.0,5514.0,5119.0,5570.0,5119.0,5292.0,5119.0,5391.0,5119.0
749,5309.0,5119.0,5514.0,5119.0,5570.0,5119.0,5292.0,5119.0,5391.0,5119.0
750,5309.0,5119.0,5514.0,5119.0,5570.0,5119.0,5292.0,5119.0,5391.0,5119.0
751,5309.0,5119.0,5514.0,5119.0,5570.0,5119.0,5292.0,5119.0,5391.0,5119.0
752,5309.0,5119.0,5514.0,5119.0,5570.0,5119.0,5292.0,5119.0,5391.0,5119.0
753,5309.0,5119.0,5514.0,5119.0,5570.0,5119.0,5292.0,5119.0,5391.0,5119.0
754,5309.0,5119.0,5514.0,5119.0,5570.0,5119.0,5292.0,5119.0,5391.0,5119.0
755,5309.0,5119.0,5514.0,5119.0,5570.0,5119.0,5292.0,5119.0,5391.0,5119.0
756,5309.0,5119.0,5514.0,5119.0,5570.0,5119.0,5292.0,5119.0,5391.0,5119.0
757,5309.0,5119.0,5514.0,5119.0,5570.0,5119.0,5292.0,5119.0,5391.0,5119.0
758,5309.0,5119.0,5514.0,5119.0,5570.0,5119.0,5292.0,5119.0,5391.0,5119.0
759,5309.0,5119.0,5514.0,5119.0,5570.0,5119.0,5292.0,5119.0,5391.0,5119.0
760,5309.0,5119.0,5514.0,5119.0,5570.0,5119.0,5292.0,5119.0,5391.0,5119.0
761,5309.0,5119.0,5514.0,5119.0,5570.0,5119.0,5292.0,5119.0,5391.0,5119.0
762,5309.0,5119.0,5514.0,5119.0,5570.0,5119.0,5292.0,5119.0,5391.0,5119.0
763,5309.0,5119.0,5514.0,5119.0,5570.0,5119.0,5292.0,5119.0,5391.0,5119.0
764,5309.0,5119.0,5514.0,5119.0,5570.0,5119.0,5292.0,5119.0,5391.0,5119.0
765,5309.0,5119.0,5514.0,5119.0,5570.0,5119.0,5292.0,5119.0,5391.0,5119.0
766,5309.0,5119.0,5514.0,5119.0,5570.0,5119.0,5292.0,5119.0,5391.0,5119.0
767,5309.0,5119.0,5514.0,5119.0,5570.0,5119.0,5292.0,5119.0,5391.0,5119.0
768,5309.0,5119.0,5514.0,5119.0,5570.0,5119.0,5292.0,5119.0,5391.0,5119.0
769,5309.0,5119.0,5514.0,5119.0,5570.0,5119.0,5292.0,5119.0,5391.0,5119.0
770,5309.0,5119.0,5514.0,5119.0,5570.0,5119.0,5292.0,5119.0,5391.0,5119.0
771,5309.0,5119.0,5514.0,5119.0,5570.0,5119.0,5292.0,5119.0,5391.0,5119.0
772,5309.0,5119.0,5514.0,5119.0,5570.0,5119.0,5292.0,5119.0,5391.0,5119.0
773,5309.0,5119.0,5514.0,5119.0,5570.0,5119.0,5292.0,5119.0,5391.0,5119.0
774,5309.0,5119.0,5514.0,5119.0,5570.0,5119.0,5292.0,5119.0,5391.0,5119.0
775,5309.0,5119.0,5514.0,5119.0,5570.0,5119.0,5292.0,5119.0,5391.0,5119.0
776,5309.0,5119.0,5514.0,5119.0,5570.0,5119.0,5292.0,5119.0,5391.0,5119.0
777,5309.0,5119.0,5514.0,5119.0,5570.0,5119.0,5292.0,5119.0,5391.0,5119.0
778,5309.0,5119.0,5514.0,5119.0,5570.0,5119.0,5292.0,5119.0,5391.0,5119.0
779,5309.0,5119.0,5514.0,5119.0,5570.0,5119.0,5292.0,5119.0,5391.0,5119.0
780,5309.0,5119.0,5514.0,5119.0,5570.0,5119.0,5292.0,5119.0,5391.0,5119.0
781,5309.0,5119.0,5514.0,5119.0,5570.0,5119.0,5292.0,5119.0,5391.0,5119.0
782,5309.0,5119.0,5514.0,5119.0,5570.0,5119.0,5292.0,5119.0,5391.0,5119.0
783,5309.0,5119.0,5514.0,5119.0,5570.0,5119.0,5292.0,5119.0,5391.0,5119.0
784,5309.0,5119.0,5514.0,5119.0,5570.0,5119.0,5292.0,5119.0,5391.0,5119.0
785,5309.0,5119.0,5514.0,5119.0,5570.0,5119.0,5292.0,5119.0,5391.0,5119.0
786,5309.0,5119.0,5514.0,5119.0,5570.0,5119.0,5292.0,5119.0,5391.0,5119.0
787,5309.0,5119.0,5514.0,5119.0,5570.0,5119.0,5292.0,5119.0,5391.0,5119.0
788,5309.0,5119.0,5514.0,5119.0,5570.0,5119.0,5292.0,5119.0,5391.0,5119.0
789,5309.0,5119.0,5514.0,5119.0,5570.0,5119.0,5292.0,5119.0,5391.0,5119.0
790,5309.0,5119.0,5514.0,5119.0,5570.0,5119.0,5292.0,5119.0,5391.0,5119.0
791,5309.0,5119.0,5514.0,5119.0,5570.0,5119.0,5292.0,5119.0,5391.0,5119.0
792,5309.0,5119.0,5514.0,5119.0,5570.0,5119.0,5292.0,5119.0,5391.0,5119.0
793,5309.0,5119.0,5514.0,5119.0,5570.0,5119.0,5292.0,5119.0,5391.0,5119.0
794,5309.0,5119.0,5514.0,5119.0,5570.0,5119.0,5292.0,5119.0,5391.0,5119.0
795,5309.0,5119.0,5514.0,5119.0,5570.0,5119.0,5292.0,5119.0,5391.0,5119.0
796,5309.0,5119.0,5514.0,5119.0,5570.0,5119.0,5292.0,5119.0,5391.0,5119.0
797,5309.0,5119.0,5514.0,5119.0,5570.0,5119.0,5292.0,5119.0,5391.0,5119.0
798,5309.0,5119.0,5514.0,5119.0,5570.0,5119.0,5292.0,5119.0,5391.0,5119.0
799,5309.0,5119.0,5514.0,5119.0,5570.0,5119.0,5292.0,5119.0,5391.0,5119.0
800,5309.0,5119.0,5514.0,5119.0,5570.0,5119.0,5292.0,5119.0,5391.0,5119.0
801,5309.0,5119.0,5514.0,5119.0,5570.0,5119.0,5292.0,5119.0,5391.0,5119.0
802,5309.0,5119.0,5514.0,5119.0,5570.0,5119.0,5292.0,5119.0,5391.0,5119.0
803,5309.0,5119.0,5514.0,5119.0,5570.0,5119.0,5292.0,5119.0,5391.0,5119.0
804,5309.0,5119.0,5514.0,5119.0,5570.0,5119.0,5292.0,5119.0,5391.0,5119.0
805,5309.0,5119.0,5514.0,5119.0,5570.0,5119.0,5292.0,5119.0,5391.0,5119.0
806,5309.0,5119.0,5514.0,5119.0,5570.0,5119.0,5292.0,5119.0,5391.0,5119.0
807,5309.0,5119.0,5514.0,5119.0,5570.0,5119.0,5292.0,5119.0,5391.0,5119.0
808,5309.0,5119.0,5514.0,5119.0,5570.0,5119.0,5292.0,5119.0,5391.0,5119.0
809,5309.0,5119.0,5514.0,5119.0,5570.0,5119.0,5292.0,5119.0,5391.0,5119.0
810,5309.0,5119.0,5514.0,5119.0,5570.0,5119.0,5292.0,5119.0,5391.0,5119.0
811,5309.0,5119.0,5514.0,5119.0,5570.0,5119.0,5292.0,5119.0,5391.0,5119.0
812,5309.0,5119.0,5514.0,5119.0,5570.0,5119.0,5292.0,5119.0,5391.0,5119.0
813,5309.0,5119.0,5514.0,5119.0,5570.0,5119.0,5292.0,5119.0,5391.0,5119.0
814,5309.0,5119.0,5514.0,5119.0,5570.0,5119.0,5292.0,5119.0,5391.0,5119.0
815,5309.0,5119.0,5514.0,5119.0,5570.0,5119.0,5292.0,5119.0,5391.0,5119.0
816,5309.0,5119.0,5514.0,5119.0,5570.0,5119.0,5292.0,5119.0,5391.0,5119.0
817,5309.0,5119.0,5514.0,5119.0,5570.0,5119.0,5292.0,5119.0,5391.0,5119.0
818,5309.0,5119.0,5514.0,5119.0,5570.0,5119.0,5292.0,5119.0,5391.0,5119.0
819,5309.0,5119.0,5514.0,5119.0,5570.0,5119.0,5292.0,5119.0,5391.0,5119.0
820,5309.0,5119.0,5514.0,5119.0,5570.0,5119.0,5292.0,5119.0,5391.0,5119.0
821,5309.0,5119.0,5514.0,5119.0,5570.0,5119.0,5292.0,5119.0,5391.0,5119.0
822,5309.0,5119.0,5514.0,5119.0,5570.0,5119.0,5292.0,5119.0,5391.0,5119.0
823,5309.0,5119.0,5514.0,5119.0,5570.0,5119.0,5292.0,5119.0,5391.0,5119.0
824,5309.0,5119.0,5514.0,5119.0,5570.0,5119.0,5292.0,5119.0,5391.0,5119.0
825,5309.0,5119.0,5514.0,5119.0,5570.0,5119.0,5292.0,5119.0,5391.0,5119.0
826,5309.0,5119.0,5514.0,5119.0,5570.0,5119.0,5292.0,5119.0,5391.0,5119.0
827,5309.0,5119.0,5514.0,5119.0,5570.0,5119.0,5292.0,5119.0,5391.0,5119.0
828,5309.0,5119.0,5514.0,5119.0,5570.0,5119.0,5292.0,5119.0,5391.0,5119.0
829,5309.0,5119.0,5514.0,5119.0,5570.0,5119.0,5292.0,5119.0,5391.0,5119.0
830,5309.0,5119.0,5514.0,5119.0,5570.0,5119.0,5292.0,5119.0,5391.0,5119.0
831,5309.0,5119.0,5514.0,5119.0,5570.0,5119.0,5292.0,5119.0,5391.0,5119.0
832,5309.0,5119.0,5514.0,5119.0,5570.0,5119.0,5292.0,5119.0,5391.0,5119.0
833,5309.0,5119.0,5514.0,5119.0,5570.0,5119.0,5292.0,5119.0,5391.0,5119.0
834,5309.0,5119.0,5514.0,5119.0,5570.0,5119.0,5292.0,5119.0,5391.0,5119.0
835,5309.0,5119.0,5514.0,5119.0,5570.0,5119.0,5292.0,5119.0,5391.0,5119.0
836,5309.0,5119.0,5514.0,5119.0,5570.0,5119.0,5292.0,5119.0,5391.0,5119.0
837,5309.0,5119.0,5514.0,5119.0,5570.0,5119.0,5292.0,5119.0,5391.0,5119.0
838,5309.0,5119.0,5514.0,5119.0,5570.0,5119.0,5292.0,5119.0,5391.0,5119.0
839,5309.0,5119.0,5514.0,5119.0,5570.0,5119.0,5292.0,5119.0,5391.0,5119.0
840,5309.0,5119.0,5514.0,5119.0,5570.0,5119.0,5292.0,5119.0,5391.0,5119.0
841,5309.0,5119.0,5514.0,5119.0,5570.0,5119.0,5292.0,5119.0,5391.0,5119.0
842,5309.0,5119.0,5514.0,5119.0,5570.0,5119.0,5292.0,5119.0,5391.0,5119.0
843,5309.0,5119.0,5514.0,5119.0,5570.0,5119.0,5292.0,5119.0,5391.0,5119.0
844,5309.0,5119.0,5514.0,5119.0,5570.0,5119.0,5292.0,5119.0,5391.0,5119.0
845,5309.0,5119.0,5514.0,5119.0,5570.0,5119.0,5292.0,5119.0,5391.0,5119.0
846,5309.0,5119.0,5514.0,5119.0,5570.0,5119.0,5292.0,5119.0,5391.0,5119.0
847,5309.0,5119.0,5514.0,5119.0,5570.0,5119.0,5292.0,5119.0,5391.0,5119.0
848,5309.0,5119.0,5514.0,5119.0,5570.0,5119.0,5292.0,5119.0,5391.0,5119.0
849,5309.0,5119.0,5514.0,5119.0,5570.0,5119.0,5292.0,5119.0,5391.0,5119.0
850,5309.0,5119.0,5514.0,5119.0,5570.0,5119.0,5292.0,5119.0,5391.0,5119.0
851,5309.0,5119.0,5514.0,5119.0,5570.0,5119.0,5292.0,5119.0,5391.0,5119.0
852,5309.0,5119.0,5514.0,5119.0,5570.0,5119.0,5292.0,5119.0,5391.0,5119.0
853,5309.0,5119.0,5514.0,5119.0,5570.0,5119.0,5292.0,5119.0,5391.0,5119.0
854,5309.0,5119.0,5514.0,5119.0,5570.0,5119.0,5292.0,5119.0,5391.0,5119.0
855,5309.0,5119.0,5514.0,5119.0,5570.0,5119.0,5292.0,5119.0,5391.0,5119.0
856,5309.0,5119.0,5514.0,5119.0,5570.0,5119.0,5292.0,5119.0,5391.0,5119.0
857,5309.0,5119.0,5514.0,5119.0,5570.0,5119.0,5292.0,5119.0,5391.0,5119.0
858,5309.0,5119.0,5514.0,5119.0,5570.0,5119.0,5292.0,5119.0,5391.0,5119.0
859,5309.0,5119.0,5514.0,5119.0,5570.0,5119.0,5292.0,5119.0,5391.0,5119.0
860,5309.0,5119.0,5514.0,5119.0,5570.0,5119.0,5292.0,5119.0,5391.0,5119.0
861,5309.0,5119.0,5514.0,5119.0,5570.0,5119.0,5292.0,5119.0,5391.0,5119.0
862,5309.0,5119.0,5514.0,5119.0,5570.0,5119.0,5292.0,5119.0,5391.0,5119.0
863,5309.0,5119.0,5514.0,5119.0,5570.0,5119.0,5292.0,5119.0,5391.0,5119.0
864,5309.0,5119.0,5514.0,5119.0,5570.0,5119.0,5292.0,5119.0,5391.0,5119.0
865,5309.0,5119.0,5514.0,5119.0,5570.0,5119.0,5292.0,5119.0,5391.0,5119.0
866,5309.0,5119.0,5514.0,5119.0,5570.0,5119.0,5292.0,5119.0,5391.0,5119.0
867,5309.0,5119.0,5514.0,5119.0,5570.0,5119.0,5292.0,5119.0,5391.0,5119.0
868,5309.0,5119.0,5514.0,5119.0,5570.0,5119.0,5292.0,5119.0,5391.0,5119.0
869,5309.0,5119.0,5514.0,5119.0,5570.0,5119.0,5292.0,5119.0,5391.0,5119.0
870,5309.0,5119.0,5514.0,5119.0,5570.0,5119.0,5292.0,5119.0,5391.0,5119.0
871,5309.0,5119.0,5514.0,5119.0,5570.0,5119.0,5292.0,5119.0,5391.0,5119.0
872,5309.0,5119.0,5514.0,5119.0,5570.0,5119.0,5292.0,5119.0,5391.0,5119.0
873,5309.0,5119.0,5514.0,5119.0,5570.0,5119.0,5292.0,5119.0,5391.0,5119.0
874,5309.0,5119.0,5514.0,5119.0,5570.0,5119.0,5292.0,5119.0,5391.0,5119.0
875,5309.0,5119.0,5514.0,5119.0,5570.0,5119.0,5292.0,5119.0,5391.0,5119.0
876,5309.0,5119.0,5514.0,5119.0,5570.0,5119.0,5292.0,5119.0,5391.0,5119.0
877,5309.0,5119.0,5514.0,5119.0,5570.0,5119.0,5292.0,5119.0,5391.0,5119.0
878,5309.0,5119.0,5514.0,5119.0,5570.0,5119.0,5292.0,5119.0,5391.0,5119.0
879,5309.0,5119.0,5514.0,5119.0,5570.0,5119.0,5292.0,5119.0,5391.0,5119.0
880,5309.0,5119.0,5514.0,5119.0,5570.0,5119.0,5292.0,5119.0,5391.0,5119.0
881,5309.0,5119.0,5514.0,5119.0,5570.0,5119.0,5292.0,5119.0,5391.0,5119.0
882,5309.0,5119.0,5514.0,5119.0,5570.0,5119.0,5292.0,5119.0,5391.0,5119.0
883,5309.0,5119.0,5514.0,5119.0,5570.0,5119.0,5292.0,5119.0,5391.0,5119.0
884,5309.0,5119.0,5514.0,5119.0,5570.0,5119.0,5292.0,5119.0,5391.0,5119.0
885,5309.0,5119.0,5514.0,5119.0,5570.0,5119.0,5292.0,5119.0,5391.0,5119.0
886,5309.0,5119.0,5514.0,5119.0,5570.0,5119.0,5292.0,5119.0,5391.0,5119.0
887,5309.0,5119.0,5514.0,5119.0,5570.0,5119.0,5292.0,5119.0,5391.0,5119.0
888,5309.0,5119.0,5514.0,5119.0,5570.0,5119.0,5292.0,5119.0,5391.0,5119.0
889,5309.0,5119.0,5514.0,5119.0,5570.0,5119.0,5292.0,5119.0,5391.0,5119.0
890,5309.0,5119.0,5514.0,5119.0,5570.0,5119.0,5292.0,5119.0,5391.0,5119.0
891,5309.0,5119.0,5514.0,5119.0,5570.0,5119.0,5292.0,5119.0,5391.0,5119.0
892,5309.0,5119.0,5514.0,5119.0,5570.0,5119.0,5292.0,5119.0,5391.0,5119.0
893,5309.0,5119.0,5514.0,5119.0,5570.0,5119.0,5292.0,5119.0,5391.0,5119.0
894,5309.0,5119.0,5514.0,5119.0,5570.0,5119.0,5292.0,5119.0,5391.0,5119.0
895,5309.0,5119.0,5514.0,5119.0,5570.0,5119.0,5292.0,5119.0,5391.0,5119.0
896,5309.0,5119.0,5514.0,5119.0,5570.0,5119.0,5292.0,5119.0,5391.0,5119.0
897,5309.0,5119.0,5514.0,5119.0,5570.0,5119.0,5292.0,5119.0,5391.0,5119.0
898,5309.0,5119.0,5514.0,5119.0,5570.0,5119.0,5292.0,5119.0,5391.0,5119.0
899,5309.0,5119.0,5514.0,5119.0,5570.0,5119.0,5292.0,5119.0,5391.0,5119.0
900,5309.0,5119.0,5514.0,5119.0,5570.0,5119.0,5292.0,5119.0,5391.0,5119.0
901,5309.0,5119.0,5514.0,5119.0,5570.0,5119.0,5292.0,5119.0,5391.0,5119.0
902,5309.0,5119.0,5514.0,5119.0,5570.0,5119.0,5292.0,5119.0,5391.0,5119.0
903,5309.0,5119.0,5514.0,5119.0,5570.0,5119.0,5292.0,5119.0,5391.0,5119.0
904,5309.0,5119.0,5514.0,5119.0,5570.0,5119.0,5292.0,5119.0,5391.0,5119.0
905,5309.0,5119.0,5514.0,5119.0,5570.0,5119.0,5292.0,5119.0,5391.0,5119.0
906,5309.0,5119.0,5514.0,5119.0,5570.0,5119.0,5292.0,5119.0,5391.0,5119.0
907,5309.0,5119.0,5514.0,5119.0,5570.0,5119.0,5292.0,5119.0,5391.0,5119.0
908,5309.0,5119.0,5514.0,5119.0,5570.0,5119.0,5292.0,5119.0,5391.0,5119.0
909,5309.0,5119.0,5514.0,5119.0,5570.0,5119.0,5292.0,5119.0,5391.0,5119.0
910,5309.0,5119.0,5514.0,5119.0,5570.0,5119.0,5292.0,5119.0,5391.0,5119.0
911,5309.0,5119.0,5514.0,5119.0,5570.0,5119.0,5292.0,5119.0,5391.0,5119.0
912,5309.0,5119.0,5514.0,5119.0,5570.0,5119.0,5292.0,5119.0,5391.0,5119.0
913,5309.0,5119.0,5514.0,5119.0,5570.0,5119.0,5292.0,5119.0,5391.0,5119.0
914,5309.0,5119.0,5514.0,5119.0,5570.0,5119.0,5292.0,5119.0,5391.0,5119.0
915,5309.0,5119.0,5514.0,5119.0,5570.0,5119.0,5292.0,5119.0,5391.0,5119.0
916,5309.0,5119.0,5514.0,5119.0,5570.0,5119.0,5292.0,5119.0,5391.0,5119.0
917,5309.0,5119.0,5514.0,5119.0,5570.0,5119.0,5292.0,5119.0,5391.0,5119.0
918,5309.0,5119.0,5514.0,5119.0,5570.0,5119.0,5292.0,5119.0,5391.0,5119.0
919,5309.0,5119.0,5514.0,5119.0,5570.0,5119.0,5292.0,5119.0,5391.0,5119.0
920,5309.0,5119.0,5514.0,5119.0,5570.0,5119.0,5292.0,5119.0,5391.0,5119.0
921,5309.0,5119.0,5514.0,5119.0,5570.0,5119.0,5292.0,5119.0,5391.0,5119.0
922,5309.0,5119.0,5514.0,5119.0,5570.0,5119.0,5292.0,5119.0,5391.0,5119.0
923,5309.0,5119.0,5514.0,5119.0,5570.0,5119.0,5292.0,5119.0,5391.0,5119.0
924,5309.0,5119.0,5514.0,5119.0,5570.0,5119.0,5292.0,5119.0,5391.0,5119.0
925,5309.0,5119.0,5514.0,5119.0,5570.0,5119.0,5292.0,5119.0,5391.0,5119.0
926,5309.0,5119.0,5514.0,5119.0,5570.0,5119.0,5292.0,5119.0,5391.0,5119.0
927,5309.0,5119.0,5514.0,5119.0,5570.0,5119.0,5292.0,5119.0,5391.0,5119.0
928,5309.0,5119.0,5514.0,5119.0,5570.0,5119.0,5292.0,5119.0,5391.0,5119.0
929,5309.0,5119.0,5514.0,5119.0,5570.0,5119.0,5292.0,5119.0,5391.0,5119.0
930,5309.0,5119.0,5514.0,5119.0,5570.0,5119.0,5292.0,5119.0,5391.0,5119.0
931,5309.0,5119.0,5514.0,5119.0,5570.0,5119.0,5292.0,5119.0,5391.0,5119.0
932,5309.0,5119.0,5514.0,5119.0,5570.0,5119.0,5292.0,5119.0,5391.0,5119.0
933,5309.0,5119.0,5514.0,5119.0,5570.0,5119.0,5292.0,5119.0,5391.0,5119.0
934,5309.0,5119.0,5514.0,5119.0,5570.0,5119.0,5292.0,5119.0,5391.0,5119.0
935,5309.0,5119.0,5514.0,5119.0,5570.0,5119.0,5292.0,5119.0,5391.0,5119.0
936,5309.0,5119.0,5514.0,5119.0,5570.0,5119.0,5292.0,5119.0,5391.0,5119.0
937,5309.0,5119.0,5514.0,5119.0,5570.0,5119.0,5292.0,5119.0,5391.0,5119.0
938,5309.0,5119.0,5514.0,5119.0,5570.0,5119.0,5292.0,5119.0,5391.0,5119.0
939,5309.0,5119.0,5514.0,5119.0,5570.0,5119.0,5292.0,5119.0,5391.0,5119.0
940,5309.0,5119.0,5514.0,5119.0,5570.0,5119.0,5292.0,5119.0,5391.0,5119.0
941,5309.0,5119.0,5514.0,5119.0,5570.0,5119.0,5292.0,5119.0,5391.0,5119.0
942,5309.0,5119.0,5514.0,5119.0,5570.0,5119.0,5292.0,5119.0,5391.0,5119.0
943,5309.0,5119.0,5514.0,5119.0,5570.0,5119.0,5292.0,5119.0,5391.0,5119.0
944,5309.0,5119.0,5514.0,5119.0,5570.0,5119.0,5292.0,5119.0,5391.0,5119.0
945,5309.0,5119.0,5514.0,5119.0,5570.0,5119.0,5292.0,5119.0,5391.0,5119.0
946,5309.0,5119.0,5514.0,5119.0,5570.0,5119.0,5292.0,5119.0,5391.0,5119.0
947,5309.0,5119.0,5514.0,5119.0,5570.0,5119.0,5292.0,5119.0,5391.0,5119.0
948,5309.0,5119.0,5514.0,5119.0,5570.0,5119.0,5292.0,5119.0,5391.0,5119.0
949,5309.0,5119.0,5514.0,5119.0,5570.0,5119.0,5292.0,5119.0,5391.0,5119.0
950,5309.0,5119.0,5514.0,5119.0,5570.0,5119.0,5292.0,5119.0,5391.0,5119.0
951,5309.0,5119.0,5514.0,5119.0,5570.0,5119.0,5292.0,5119.0,5391.0,5119.0
952,5309.0,5119.0,5514.0,5119.0,5570.0,5119.0,5292.0,5119.0,5391.0,5119.0
953,5309.0,5119.0,5514.0,5119.0,5570.0,5119.0,5292.0,5119.0,5391.0,5119.0
954,5309.0,5119.0,5514.0,5119.0,5570.0,5119.0,5292.0,5119.0,5391.0,5119.0
955,5309.0,5119.0,5514.0,5119.0,5570.0,5119.0,5292.0,5119.0,5391.0,5119.0
956,5309.0,5119.0,5514.0,5119.0,5570.0,5119.0,5292.0,5119.0,5391.0,5119.0
957,5309.0,5119.0,5514.0,5119.0,5570.0,5119.0,5292.0,5119.0,5391.0,5119.0
958,5309.0,5119.0,5514.0,5119.0,5570.0,5119.0,5292.0,5119.0,5391.0,5119.0
959,5309.0,5119.0,5514.0,5119.0,5570.0,5119.0,5292.0,5119.0,5391.0,5119.0
960,5309.0,5119.0,5514.0,5119.0,5570.0,5119.0,5292.0,5119.0,5391.0,5119.0
961,5309.0,5119.0,5514.0,5119.0,5570.0,5119.0,5292.0,5119.0,5391.0,5119.0
962,5309.0,5119.0,5514.0,5119.0,5570.0,5119.0,5292.0,5119.0,5391.0,5119.0
963,5309.0,5119.0,5514.0,5119.0,5570.0,5119.0,5292.0,5119.0,5391.0,5119.0
964,5309.0,5119.0,5514.0,5119.0,5570.0,5119.0,5292.0,5119.0,5391.0,5119.0
965,5309.0,5119.0,5514.0,5119.0,5570.0,5119.0,5292.0,5119.0,5391.0,5119.0
966,5309.0,5119.0,5514.0,5119.0,5570.0,5119.0,5292.0,5119.0,5391.0,5119.0
967,5309.0,5119.0,5514.0,5119.0,5570.0,5119.0,5292.0,5119.0,5391.0,5119.0
968,5309.0,5119.0,5514.0,5119.0,5570.0,5119.0,5292.0,5119.0,5391.0,5119.0
969,5309.0,5119.0,5514.0,5119.0,5570.0,5119.0,5292.0,5119.0,5391.0,5119.0
970,5309.0,5119.0,5514.0,5119.0,5570.0,5119.0,5292.0,5119.0,5391.0,5119.0
971,5309.0,5119.0,5514.0,5119.0,5570.0,5119.0,5292.0,5119.0,5391.0,5119.0
972,5309.0,5119.0,5514.0,5119.0,5570.0,5119.0,5292.0,5119.0,5391.0,5119.0
973,5309.0,5119.0,5514.0,5119.0,5570.0,5119.0,5292.0,5119.0,5391.0,5119.0
974,5309.0,5119.0,5514.0,5119.0,5570.0,5119.0,5292.0,5119.0,5391.0,5119.0
975,5309.0,5119.0,5514.0,5119.0,5570.0,5119.0,5292.0,5119.0,5391.0,5119.0
976,5309.0,5119.0,5514.0,5119.0,5570.0,5119.0,5292.0,5119.0,5391.0,5119.0
977,5309.0,5119.0,5514.0,5119.0,5570.0,5119.0,5292.0,5119.0,5391.0,5119.0
978,5309.0,5119.0,5514.0,5119.0,5570.0,5119.0,5292.0,5119.0,5391.0,5119.0
979,5309.0,5119.0,5514.0,5119.0,5570.0,5119.0,5292.0,5119.0,5391.0,5119.0
980,5309.0,5119.0,5514.0,5119.0,5570.0,5119.0,5292.0,5119.0,5391.0,5119.0
981,5309.0,5119.0,5514.0,5119.0,5570.0,5119.0,5292.0,5119.0,5391.0,5119.0
982,5309.0,5119.0,5514.0,5119.0,5570.0,5119.0,5292.0,5119.0,5391.0,5119.0
983,5309.0,5119.0,5514.0,5119.0,5570.0,5119.0,5292.0,5119.0,5391.0,5119.0
984,5309.0,5119.0,5514.0,5119.0,5570.0,5119.0,5292.0,5119.0,5391.0,5119.0
985,5309.0,5119.0,5514.0,5119.0,5570.0,5119.0,5292.0,5119.0,5391.0,5119.0
986,5309.0,5119.0,5514.0,5119.0,5570.0,5119.0,5292.0,5119.0,5391.0,5119.0
987,5309.0,5119.0,5514.0,5119.0,5570.0,5119.0,5292.0,5119.0,5391.0,5119.0
988,5309.0,5119.0,5514.0,5119.0,5570.0,5119.0,5292.0,5119.0,5391.0,5119.0
989,5309.0,5119.0,5514.0,5119.0,5570.0,5119.0,5292.0,5119.0,5391.0,5119.0
990,5309.0,5119.0,5514.0,5119.0,5570.0,5119.0,5292.0,5119.0,5391.0,5119.0
991,5309.0,5119.0,5514.0,5119.0,5570.0,5119.0,5292.0,5119.0,5391.0,5119.0
992,5309.0,5119.0,5514.0,5119.0,5570.0,5119.0,5292.0,5119.0,5391.0,5119.0
993,5309.0,5119.0,5514.0,5119.0,5570.0,5119.0,5292.0,5119.0,5391.0,5119.0
994,5309.0,5119.0,5514.0,5119.0,5570.0,5119.0,5292.0,5119.0,5391.0,5119.0
995,5309.0,5119.0,5514.0,5119.0,5570.0,5119.0,5292.0,5119.0,5391.0,5119.0
996,5309.0,5119.0,5514.0,5119.0,5570.0,5119.0,5292.0,5119.0,5391.0,5119.0
997,5309.0,5119.0,5514.0,5119.0,5570.0,5119.0,5292.0,5119.0,5391.0,5119.0
998,5309.0,5119.0,5514.0,5119.0,5570.0,5119.0,5292.0,5119.0,5391.0,5119.0
999,5309.0,5119.0,5514.0,5119.0,5570.0,5119.0,5292.0,5119.0,5391.0,5119.0
