time(ms),solutions
191,1
194,2
195,3
196,4
196,5
197,6
197,7
197,8
198,9
198,10
198,11
199,12
199,13
200,14
200,15
200,16
200,17
200,18
200,19
201,20
202,21
202,22
202,23
203,24
203,25
203,26
205,27
205,28
205,29
205,30
205,31
207,32
207,33
207,34
207,35
208,36
209,37
209,38
209,39
216,40
217,41
217,42
219,43
219,44
219,45
219,46
219,47
219,48
220,49
220,50
220,51
220,52
220,53
221,54
221,55
222,56
222,57
222,58
223,59
223,60
223,61
231,62
231,63
232,64
232,65
234,66
234,67
235,68
235,69
235,70
235,71
236,72
236,73
236,74
237,75
237,76
237,77
237,78
237,79
237,80
237,81
241,82
241,83
243,84
243,85
243,86
243,87
244,88
244,89
244,90
244,91
244,92
246,93
246,94
250,95
251,96
251,97
251,98
251,99
251,100
253,101
254,102
255,103
255,104
256,105
256,106
256,107
257,108
257,109
258,110
258,111
258,112
259,113
259,114
260,115
260,116
261,117
261,118
262,119
263,120
263,121
263,122
264,123
264,124
265,125
265,126
265,127
266,128
266,129
266,130
267,131
267,132
268,133
268,134
269,135
269,136
272,137
274,138
284,139
284,140
285,141
287,142
287,143
287,144
287,145
288,146
288,147
288,148
288,149
288,150
288,151
289,152
289,153
289,154
289,155
289,156
289,157
289,158
291,159
291,160
291,161
301,162
301,163
301,164
302,165
302,166
302,167
303,168
303,169
303,170
303,171
304,172
304,173
305,174
305,175
306,176
306,177
306,178
306,179
306,180
307,181
307,182
307,183
307,184
307,185
307,186
308,187
311,188
311,189
312,190
312,191
323,192
323,193
323,194
324,195
324,196
325,197
328,198
328,199
329,200
329,201
330,202
331,203
331,204
332,205
332,206
332,207
333,208
334,209
334,210
334,211
335,212
335,213
336,214
337,215
338,216
338,217
339,218
339,219
339,220
339,221
345,222
345,223
345,224
346,225
346,226
346,227
347,228
347,229
347,230
347,231
347,232
348,233
348,234
349,235
349,236
349,237
350,238
350,239
351,240
351,241
351,242
351,243
352,244
352,245
352,246
353,247
353,248
355,249
355,250
356,251
356,252
356,253
356,254
356,255
356,256
362,257
362,258
362,259
364,260
364,261
365,262
370,263
370,264
370,265
371,266
371,267
371,268
372,269
372,270
373,271
373,272
373,273
378,274
379,275
379,276
379,277
379,278
379,279
380,280
380,281
381,282
381,283
381,284
382,285
382,286
382,287
383,288
384,289
387,290
387,291
388,292
388,293
388,294
389,295
389,296
389,297
390,298
390,299
391,300
391,301
391,302
392,303
392,304
399,305
400,306
400,307
400,308
400,309
401,310
401,311
402,312
402,313
403,314
403,315
404,316
407,317
407,318
407,319
407,320
408,321
408,322
408,323
408,324
409,325
409,326
410,327
411,328
411,329
411,330
412,331
412,332
413,333
414,334
418,335
418,336
419,337
420,338
424,339
425,340
425,341
426,342
426,343
426,344
427,345
427,346
428,347
428,348
428,349
429,350
429,351
429,352
430,353
430,354
433,355
433,356
433,357
434,358
434,359
434,360
435,361
435,362
435,363
435,364
438,365
439,366
439,367
439,368
439,369
440,370
440,371
440,372
440,373
440,374
441,375
442,376
443,377
444,378
444,379
445,380
445,381
445,382
446,383
448,384
448,385
449,386
450,387
450,388
451,389
451,390
452,391
453,392
453,393
454,394
454,395
455,396
455,397
458,398
458,399
460,400
460,401
460,402
460,403
461,404
461,405
461,406
462,407
463,408
463,409
463,410
466,411
466,412
466,413
466,414
467,415
467,416
469,417
469,418
470,419
470,420
471,421
471,422
471,423
471,424
471,425
472,426
472,427
472,428
473,429
473,430
473,431
473,432
473,433
474,434
474,435
476,436
476,437
476,438
476,439
477,440
479,441
479,442
479,443
479,444
479,445
484,446
484,447
484,448
484,449
484,450
485,451
487,452
487,453
492,454
492,455
493,456
493,457
493,458
493,459
494,460
494,461
495,462
495,463
495,464
495,465
496,466
496,467
496,468
496,469
496,470
496,471
506,472
506,473
507,474
507,475
507,476
508,477
509,478
509,479
510,480
511,481
511,482
511,483
526,484
526,485
526,486
529,487
533,488
534,489
534,490
535,491
535,492
535,493
536,494
536,495
539,496
539,497
539,498
540,499
541,500
542,501
543,502
544,503
544,504
545,505
545,506
546,507
546,508
547,509
548,510
548,511
550,512
550,513
551,514
551,515
551,516
552,517
556,518
557,519
558,520
558,521
559,522
559,523
560,524
560,525
560,526
561,527
561,528
561,529
562,530
562,531
563,532
563,533
567,534
568,535
568,536
568,537
569,538
569,539
569,540
570,541
570,542
572,543
572,544
574,545
574,546
581,547
581,548
581,549
582,550
582,551
582,552
583,553
583,554
583,555
585,556
585,557
585,558
586,559
586,560
586,561
587,562
587,563
588,564
588,565
588,566
588,567
588,568
603,569
603,570
605,571
605,572
605,573
606,574
606,575
606,576
607,577
607,578
608,579
608,580
608,581
608,582
612,583
612,584
628,585
628,586
629,587
631,588
631,589
635,590
635,591
636,592
637,593
637,594
637,595
641,596
642,597
642,598
643,599
643,600
644,601
645,602
645,603
646,604
646,605
646,606
647,607
647,608
648,609
648,610
656,611
656,612
657,613
658,614
658,615
659,616
659,617
660,618
660,619
661,620
661,621
662,622
662,623
662,624
662,625
663,626
663,627
663,628
663,629
667,630
668,631
668,632
668,633
669,634
669,635
672,636
672,637
673,638
673,639
673,640
674,641
674,642
674,643
674,644
675,645
675,646
675,647
679,648
679,649
681,650
681,651
689,652
689,653
691,654
691,655
696,656
696,657
698,658
698,659
700,660
701,661
701,662
701,663
701,664
702,665
702,666
703,667
703,668
704,669
709,670
710,671
710,672
710,673
711,674
712,675
712,676
713,677
714,678
715,679
722,680
722,681
723,682
723,683
724,684
725,685
725,686
726,687
727,688
727,689
733,690
734,691
734,692
734,693
734,694
734,695
735,696
735,697
735,698
736,699
736,700
737,701
737,702
737,703
738,704
738,705
746,706
746,707
746,708
747,709
749,710
749,711
758,712
758,713
758,714
758,715
759,716
759,717
759,718
759,719
760,720
761,721
761,722
761,723
761,724
768,725
769,726
769,727
770,728
770,729
770,730
771,731
772,732
772,733
772,734
774,735
775,736
776,737
779,738
779,739
779,740
780,741
780,742
782,743
784,744
784,745
785,746
787,747
791,748
791,749
792,750
793,751
794,752
794,753
795,754
795,755
797,756
798,757
798,758
798,759
800,760
801,761
801,762
805,763
806,764
806,765
807,766
811,767
811,768
811,769
811,770
812,771
812,772
813,773
814,774
814,775
815,776
815,777
816,778
816,779
818,780
822,781
822,782
822,783
822,784
823,785
823,786
824,787
825,788
829,789
829,790
830,791
831,792
831,793
832,794
832,795
833,796
833,797
833,798
833,799
833,800
834,801
834,802
835,803
835,804
838,805
839,806
839,807
839,808
840,809
840,810
843,811
843,812
843,813
844,814
844,815
844,816
846,817
847,818
847,819
847,820
850,821
850,822
850,823
850,824
851,825
852,826
852,827
852,828
852,829
852,830
854,831
854,832
855,833
855,834
855,835
855,836
856,837
856,838
857,839
857,840
857,841
858,842
858,843
858,844
858,845
859,846
859,847
859,848
860,849
860,850
860,851
860,852
861,853
861,854
867,855
870,856
873,857
884,858
884,859
885,860
885,861
889,862
889,863
889,864
889,865
890,866
891,867
891,868
892,869
892,870
893,871
893,872
893,873
896,874
896,875
898,876
898,877
905,878
905,879
906,880
906,881
908,882
908,883
909,884
910,885
910,886
911,887
911,888
912,889
912,890
913,891
919,892
919,893
920,894
920,895
920,896
921,897
921,898
922,899
922,900
923,901
924,902
924,903
926,904
926,905
932,906
932,907
932,908
933,909
934,910
934,911
934,912
935,913
935,914
936,915
936,916
936,917
936,918
938,919
938,920
939,921
940,922
948,923
948,924
950,925
950,926
959,927
961,928
963,929
963,930
974,931
974,932
974,933
974,934
975,935
975,936
976,937
976,938
976,939
977,940
977,941
977,942
979,943
979,944
980,945
980,946
989,947
990,948
991,949
991,950
992,951
992,952
992,953
993,954
995,955
995,956
996,957
996,958
1001,959
1001,960
1003,961
1003,962
1007,963
1007,964
1008,965
1008,966
1008,967
1008,968
1009,969
1009,970
1009,971
1010,972
1010,973
1010,974
1020,975
1020,976
1022,977
1022,978
1027,979
1027,980
1027,981
1028,982
1029,983
1029,984
1029,985
1029,986
1030,987
1030,988
1031,989
1032,990
1033,991
1033,992
1034,993
1034,994
1035,995
1036,996
1036,997
1037,998
1037,999
1038,1000
1040,1001
1041,1002
1043,1003
1043,1004
1052,1005
1052,1006
1053,1007
1054,1008
1055,1009
1055,1010
1061,1011
1061,1012
1062,1013
1063,1014
1063,1015
1063,1016
1064,1017
1064,1018
1065,1019
1065,1020
1066,1021
1066,1022
1093,1023
1093,1024
1096,1025
1097,1026
1106,1027
1106,1028
1106,1029
1108,1030
1108,1031
1109,1032
1109,1033
1109,1034
1110,1035
1110,1036
1110,1037
1111,1038
1111,1039
1111,1040
1111,1041
1112,1042
1113,1043
1113,1044
1113,1045
1114,1046
1130,1047
1130,1048
1131,1049
1131,1050
1131,1051
1132,1052
1133,1053
1133,1054
1133,1055
1134,1056
1135,1057
1135,1058
1137,1059
1137,1060
1142,1061
1142,1062
1142,1063
1143,1064
1143,1065
1144,1066
1144,1067
1147,1068
1148,1069
1149,1070
1150,1071
1150,1072
1152,1073
1152,1074
1156,1075
1156,1076
1156,1077
1157,1078
1159,1079
1159,1080
1159,1081
1160,1082
1161,1083
1161,1084
1162,1085
1163,1086
1164,1087
1164,1088
1168,1089
1168,1090
1169,1091
1170,1092
1170,1093
1170,1094
1170,1095
1171,1096
1171,1097
1172,1098
1175,1099
1175,1100
1175,1101
1175,1102
1176,1103
1176,1104
1176,1105
1177,1106
1178,1107
1178,1108
1178,1109
1179,1110
1179,1111
1181,1112
1182,1113
1186,1114
1187,1115
1187,1116
1189,1117
1195,1118
1197,1119
1199,1120
1199,1121
1200,1122
1200,1123
1202,1124
1202,1125
1203,1126
1204,1127
1205,1128
1206,1129
1211,1130
1211,1131
1214,1132
1215,1133
1215,1134
1216,1135
1217,1136
1218,1137
1222,1138
1222,1139
1223,1140
1223,1141
1223,1142
1224,1143
1226,1144
1226,1145
1227,1146
1227,1147
1227,1148
1229,1149
1229,1150
1230,1151
1230,1152
1230,1153
1239,1154
1239,1155
1239,1156
1240,1157
1240,1158
1240,1159
1242,1160
1242,1161
1242,1162
1243,1163
1243,1164
1252,1165
1252,1166
1252,1167
1253,1168
1255,1169
1255,1170
1263,1171
1263,1172
1263,1173
1264,1174
1264,1175
1265,1176
1267,1177
1267,1178
1268,1179
1269,1180
1270,1181
1270,1182
1270,1183
1270,1184
1271,1185
1271,1186
1271,1187
1272,1188
1273,1189
1273,1190
1277,1191
1277,1192
1278,1193
1279,1194
1280,1195
1281,1196
1282,1197
1283,1198
1283,1199
1284,1200
1289,1201
1289,1202
1290,1203
1290,1204
1290,1205
1291,1206
1291,1207
1292,1208
1292,1209
1293,1210
1293,1211
1293,1212
1295,1213
1295,1214
1297,1215
1297,1216
1298,1217
1298,1218
1298,1219
1298,1220
1304,1221
1304,1222
1305,1223
1305,1224
1306,1225
1307,1226
1307,1227
1307,1228
1307,1229
1307,1230
1308,1231
1308,1232
1308,1233
1309,1234
1310,1235
1310,1236
1310,1237
1310,1238
1310,1239
1310,1240
1311,1241
1311,1242
1311,1243
1311,1244
1311,1245
1312,1246
1313,1247
1313,1248
1313,1249
1313,1250
1314,1251
1314,1252
1316,1253
1317,1254
1319,1255
1319,1256
1319,1257
1320,1258
1322,1259
1322,1260
1336,1261
1336,1262
1336,1263
1336,1264
1337,1265
1338,1266
1339,1267
1339,1268
1339,1269
1348,1270
1348,1271
1349,1272
1349,1273
1350,1274
1351,1275
1352,1276
1352,1277
1354,1278
1354,1279
1355,1280
1356,1281
1356,1282
1356,1283
1357,1284
1358,1285
1358,1286
1358,1287
1359,1288
1361,1289
1361,1290
1361,1291
1366,1292
1366,1293
1367,1294
1367,1295
1368,1296
1368,1297
1368,1298
1369,1299
1369,1300
1370,1301
1370,1302
1371,1303
1372,1304
1373,1305
1374,1306
1375,1307
1375,1308
1375,1309
1376,1310
1377,1311
1377,1312
1377,1313
1378,1314
1378,1315
1379,1316
1379,1317
1379,1318
1382,1319
1383,1320
1383,1321
1384,1322
1384,1323
1384,1324
1384,1325
1385,1326
1385,1327
1390,1328
1390,1329
1390,1330
1391,1331
1391,1332
1392,1333
1392,1334
1392,1335
1393,1336
1393,1337
1393,1338
1394,1339
1396,1340
1396,1341
1397,1342
1397,1343
1403,1344
1403,1345
1405,1346
1405,1347
1406,1348
1406,1349
1407,1350
1407,1351
1407,1352
1416,1353
1416,1354
1418,1355
1418,1356
1419,1357
1419,1358
1419,1359
1419,1360
1420,1361
1420,1362
1421,1363
1421,1364
1421,1365
1422,1366
1422,1367
1422,1368
1422,1369
1423,1370
1423,1371
1423,1372
1434,1373
1434,1374
1435,1375
1435,1376
1437,1377
1438,1378
1439,1379
1439,1380
1440,1381
1440,1382
1440,1383
1441,1384
1454,1385
1454,1386
1455,1387
1455,1388
1465,1389
1466,1390
1468,1391
1468,1392
1476,1393
1477,1394
1477,1395
1477,1396
1478,1397
1479,1398
1479,1399
1479,1400
1479,1401
1480,1402
1480,1403
1480,1404
1481,1405
1482,1406
1482,1407
1483,1408
1483,1409
1485,1410
1486,1411
1486,1412
1487,1413
1487,1414
1488,1415
1500,1416
1501,1417
1501,1418
1502,1419
1504,1420
1504,1421
1505,1422
1506,1423
1506,1424
1506,1425
1508,1426
1508,1427
1509,1428
1509,1429
1510,1430
1510,1431
1511,1432
1511,1433
1511,1434
1512,1435
1512,1436
1512,1437
1514,1438
1514,1439
1520,1440
1520,1441
1520,1442
1521,1443
1521,1444
1522,1445
1522,1446
1522,1447
1523,1448
1523,1449
1523,1450
1523,1451
1524,1452
1524,1453
1524,1454
1524,1455
1539,1456
1539,1457
1542,1458
1542,1459
1548,1460
1548,1461
1549,1462
1549,1463
1549,1464
1549,1465
1550,1466
1550,1467
1550,1468
1551,1469
1555,1470
1555,1471
1555,1472
1556,1473
1557,1474
1557,1475
1557,1476
1558,1477
1559,1478
1559,1479
1559,1480
1560,1481
1560,1482
1560,1483
1561,1484
1561,1485
1562,1486
1562,1487
1562,1488
1563,1489
1578,1490
1578,1491
1580,1492
1580,1493
1582,1494
1583,1495
1583,1496
1583,1497
1583,1498
1584,1499
1584,1500
1585,1501
1595,1502
1597,1503
1597,1504
1598,1505
1615,1506
1615,1507
1618,1508
1618,1509
1624,1510
1624,1511
1625,1512
1625,1513
1627,1514
1628,1515
1631,1516
1631,1517
1631,1518
1639,1519
1640,1520
1641,1521
1643,1522
1644,1523
1645,1524
1647,1525
1649,1526
1650,1527
1651,1528
1652,1529
1653,1530
1657,1531
1659,1532
1660,1533
1662,1534
1662,1535
1663,1536
1664,1537
1666,1538
1666,1539
1666,1540
1669,1541
1669,1542
1675,1543
1675,1544
1675,1545
1676,1546
1676,1547
1676,1548
1679,1549
1679,1550
1680,1551
1681,1552
1681,1553
1682,1554
1682,1555
1683,1556
1683,1557
1684,1558
1684,1559
1686,1560
1686,1561
1686,1562
1687,1563
1687,1564
1687,1565
1688,1566
1688,1567
1689,1568
1689,1569
1690,1570
1690,1571
1691,1572
1696,1573
1696,1574
1697,1575
1697,1576
1698,1577
1699,1578
1700,1579
1700,1580
1701,1581
1702,1582
1702,1583
1703,1584
1704,1585
1705,1586
1709,1587
1710,1588
1710,1589
1711,1590
1711,1591
1711,1592
1712,1593
1713,1594
1716,1595
1716,1596
1716,1597
1716,1598
1716,1599
1717,1600
1717,1601
1717,1602
1717,1603
1717,1604
1718,1605
1719,1606
1719,1607
1719,1608
1720,1609
1720,1610
1720,1611
1721,1612
1722,1613
1722,1614
1723,1615
1723,1616
1727,1617
1727,1618
1733,1619
1733,1620
1734,1621
1735,1622
1736,1623
1737,1624
1737,1625
1737,1626
1738,1627
1738,1628
1739,1629
1739,1630
1740,1631
1741,1632
1741,1633
1750,1634
1751,1635
1751,1636
1752,1637
1753,1638
1753,1639
1754,1640
1754,1641
1755,1642
1755,1643
1755,1644
1756,1645
1756,1646
1757,1647
1757,1648
1757,1649
1764,1650
1764,1651
1764,1652
1764,1653
1764,1654
1765,1655
1765,1656
1765,1657
1765,1658
1765,1659
1768,1660
1769,1661
1769,1662
1770,1663
1770,1664
1770,1665
1772,1666
1772,1667
1772,1668
1772,1669
1772,1670
1773,1671
1781,1672
1781,1673
1781,1674
1781,1675
1781,1676
1781,1677
1783,1678
1783,1679
1783,1680
1784,1681
1784,1682
1791,1683
1791,1684
1791,1685
1792,1686
1792,1687
1793,1688
1793,1689
1793,1690
1798,1691
1798,1692
1798,1693
1799,1694
1799,1695
1799,1696
1809,1697
1810,1698
1810,1699
1811,1700
1820,1701
1820,1702
1821,1703
1821,1704
1824,1705
1824,1706
1825,1707
1825,1708
1827,1709
1827,1710
1828,1711
1828,1712
1836,1713
1836,1714
1836,1715
1836,1716
1837,1717
1837,1718
1838,1719
1838,1720
1839,1721
1839,1722
1840,1723
1840,1724
1840,1725
1840,1726
1841,1727
1843,1728
1843,1729
1843,1730
1843,1731
1844,1732
1845,1733
1845,1734
1845,1735
1846,1736
1846,1737
1846,1738
1846,1739
1847,1740
1847,1741
1848,1742
1848,1743
1854,1744
1854,1745
1856,1746
1856,1747
1857,1748
1857,1749
1858,1750
1859,1751
1859,1752
1859,1753
1859,1754
1860,1755
1861,1756
1861,1757
1861,1758
1861,1759
1866,1760
1867,1761
1867,1762
1869,1763
1869,1764
1869,1765
1869,1766
1869,1767
1870,1768
1870,1769
1871,1770
1871,1771
1871,1772
1871,1773
1872,1774
1872,1775
1873,1776
1874,1777
1874,1778
1874,1779
1875,1780
1876,1781
1876,1782
1877,1783
1878,1784
1878,1785
1879,1786
1880,1787
1880,1788
1881,1789
1882,1790
1886,1791
1886,1792
1887,1793
1888,1794
1890,1795
1892,1796
1892,1797
1894,1798
1894,1799
1894,1800
1897,1801
1897,1802
1899,1803
1899,1804
1900,1805
1900,1806
1902,1807
1902,1808
1903,1809
1904,1810
1917,1811
1917,1812
1918,1813
1919,1814
1920,1815
1920,1816
1956,1817
1957,1818
1957,1819
1959,1820
1980,1821
1980,1822
1980,1823
1981,1824
1981,1825
1981,1826
1981,1827
1982,1828
1982,1829
1983,1830
1984,1831
1984,1832
1984,1833
1984,1834
1985,1835
1986,1836
1986,1837
1987,1838
1987,1839
1987,1840
1987,1841
1989,1842
1989,1843
1991,1844
1991,1845
1991,1846
1991,1847
1992,1848
1995,1849
1995,1850
1996,1851
1996,1852
2008,1853
2009,1854
2009,1855
2010,1856
2010,1857
2010,1858
2020,1859
2021,1860
2021,1861
2022,1862
2022,1863
2022,1864
2022,1865
2022,1866
2022,1867
2024,1868
2024,1869
2024,1870
2026,1871
2026,1872
2029,1873
2029,1874
2038,1875
2039,1876
2039,1877
2039,1878
2039,1879
2040,1880
2040,1881
2040,1882
2041,1883
2041,1884
2041,1885
2042,1886
2042,1887
2042,1888
2042,1889
2043,1890
2044,1891
2044,1892
2045,1893
2046,1894
2046,1895
2047,1896
2048,1897
2057,1898
2057,1899
2057,1900
2057,1901
2057,1902
2059,1903
2060,1904
2060,1905
2060,1906
2061,1907
2061,1908
2062,1909
2062,1910
2064,1911
2064,1912
2065,1913
2075,1914
2075,1915
2075,1916
2076,1917
2076,1918
2077,1919
2077,1920
2077,1921
2078,1922
2078,1923
2079,1924
2079,1925
2080,1926
2080,1927
2081,1928
2082,1929
2082,1930
2083,1931
2083,1932
2084,1933
2089,1934
2090,1935
2091,1936
2091,1937
2093,1938
2093,1939
2094,1940
2094,1941
2096,1942
2096,1943
2097,1944
2098,1945
2098,1946
2099,1947
2099,1948
2101,1949
2102,1950
2102,1951
2103,1952
2103,1953
2103,1954
2105,1955
2106,1956
2106,1957
2111,1958
2111,1959
2111,1960
2112,1961
2112,1962
2113,1963
2114,1964
2114,1965
2118,1966
2119,1967
2119,1968
2120,1969
2120,1970
2120,1971
2122,1972
2122,1973
2122,1974
2124,1975
2124,1976
2125,1977
2125,1978
2127,1979
2128,1980
2130,1981
2130,1982
2133,1983
2143,1984
2144,1985
2144,1986
2146,1987
2147,1988
2148,1989
2150,1990
2151,1991
2152,1992
2152,1993
2154,1994
2155,1995
2164,1996
2164,1997
2167,1998
2167,1999
2168,2000
2169,2001
2169,2002
2170,2003
2171,2004
2172,2005
2173,2006
2174,2007
2188,2008
2188,2009
2191,2010
2191,2011
2209,2012
2210,2013
2212,2014
2212,2015
2228,2016
2228,2017
2228,2018
2230,2019
2230,2020
2230,2021
2231,2022
2231,2023
2231,2024
2233,2025
2233,2026
2233,2027
2234,2028
2234,2029
2234,2030
2236,2031
2236,2032
2238,2033
2256,2034
2256,2035
2256,2036
2257,2037
2258,2038
2258,2039
2258,2040
2259,2041
2260,2042
2260,2043
2262,2044
2262,2045
2277,2046
2277,2047
2277,2048
2277,2049
2280,2050
2280,2051
2280,2052
2280,2053
2280,2054
2281,2055
2282,2056
2282,2057
2283,2058
2283,2059
2288,2060
2288,2061
2290,2062
2290,2063
2302,2064
2302,2065
2302,2066
2302,2067
2302,2068
2303,2069
2304,2070
2304,2071
2304,2072
2305,2073
2309,2074
2309,2075
2311,2076
2311,2077
2320,2078
2321,2079
2322,2080
2324,2081
2324,2082
2324,2083
2324,2084
2326,2085
2326,2086
2327,2087
2327,2088
2328,2089
2329,2090
2329,2091
2329,2092
2329,2093
2329,2094
2330,2095
2331,2096
2331,2097
2331,2098
2332,2099
2332,2100
2332,2101
2333,2102
2334,2103
2334,2104
2335,2105
2335,2106
2337,2107
2337,2108
2344,2109
2344,2110
2345,2111
2345,2112
2345,2113
2345,2114
2345,2115
2346,2116
2347,2117
2347,2118
2348,2119
2348,2120
2348,2121
2350,2122
2351,2123
2351,2124
2351,2125
2352,2126
2352,2127
2352,2128
2369,2129
2369,2130
2370,2131
2370,2132
2370,2133
2371,2134
2371,2135
2372,2136
2372,2137
2372,2138
2373,2139
2373,2140
2381,2141
2383,2142
2384,2143
2384,2144
2384,2145
2384,2146
2385,2147
2385,2148
2385,2149
2385,2150
2385,2151
2386,2152
2386,2153
2387,2154
2387,2155
2387,2156
2388,2157
2388,2158
2388,2159
2389,2160
2390,2161
2390,2162
2393,2163
2394,2164
2394,2165
2396,2166
2406,2167
2407,2168
2408,2169
2408,2170
2410,2171
2410,2172
2410,2173
2410,2174
2416,2175
2417,2176
2417,2177
2418,2178
2418,2179
2419,2180
2420,2181
2421,2182
2421,2183
2422,2184
2422,2185
2423,2186
2428,2187
2428,2188
2428,2189
2429,2190
2430,2191
2430,2192
2430,2193
2431,2194
2431,2195
2432,2196
2432,2197
2434,2198
2434,2199
2436,2200
2436,2201
2436,2202
2437,2203
2437,2204
2438,2205
2439,2206
2440,2207
2440,2208
2440,2209
2441,2210
2442,2211
2442,2212
2445,2213
2446,2214
2446,2215
2447,2216
2450,2217
2451,2218
2451,2219
2452,2220
2458,2221
2458,2222
2458,2223
2458,2224
2465,2225
2465,2226
2467,2227
2467,2228
2468,2229
2468,2230
2468,2231
2469,2232
2469,2233
2470,2234
2470,2235
2471,2236
2471,2237
2472,2238
2472,2239
2472,2240
2479,2241
2481,2242
2482,2243
2482,2244
2483,2245
2483,2246
2483,2247
2484,2248
2536,2249
2536,2250
2537,2251
2538,2252
2538,2253
2538,2254
2538,2255
2538,2256
2539,2257
2539,2258
2540,2259
2540,2260
2541,2261
2542,2262
2542,2263
2542,2264
2542,2265
2542,2266
2542,2267
2543,2268
2543,2269
2544,2270
2544,2271
2544,2272
2547,2273
2547,2274
2547,2275
2547,2276
2549,2277
2550,2278
2550,2279
2551,2280
2551,2281
2552,2282
2552,2283
2552,2284
2553,2285
2553,2286
2573,2287
2573,2288
2573,2289
2573,2290
2575,2291
2578,2292
2578,2293
2578,2294
2591,2295
2592,2296
2592,2297
2593,2298
2593,2299
2594,2300
2595,2301
2595,2302
2597,2303
2598,2304
2603,2305
2603,2306
2603,2307
2603,2308
2604,2309
2605,2310
2605,2311
2606,2312
2606,2313
2607,2314
2607,2315
2607,2316
2609,2317
2610,2318
2616,2319
2616,2320
2617,2321
2618,2322
2619,2323
2619,2324
2625,2325
2626,2326
2626,2327
2627,2328
2628,2329
2629,2330
2630,2331
2630,2332
2630,2333
2631,2334
2631,2335
2632,2336
2632,2337
2633,2338
2637,2339
2637,2340
2637,2341
2638,2342
2638,2343
2639,2344
2650,2345
2650,2346
2650,2347
2651,2348
2651,2349
2651,2350
2651,2351
2651,2352
2651,2353
2652,2354
2653,2355
2653,2356
2653,2357
2653,2358
2654,2359
2654,2360
2656,2361
2656,2362
2666,2363
2668,2364
2668,2365
2668,2366
2668,2367
2668,2368
2673,2369
2673,2370
2674,2371
2675,2372
2677,2373
2678,2374
2678,2375
2681,2376
2686,2377
2687,2378
2688,2379
2690,2380
2695,2381
2696,2382
2698,2383
2699,2384
2699,2385
2701,2386
2701,2387
2702,2388
2708,2389
2709,2390
2710,2391
2711,2392
2716,2393
2717,2394
2718,2395
2719,2396
2720,2397
2720,2398
2724,2399
2724,2400
2729,2401
2729,2402
2730,2403
2730,2404
2733,2405
2734,2406
2734,2407
2734,2408
2734,2409
2736,2410
2736,2411
2736,2412
2742,2413
2742,2414
2743,2415
2743,2416
2744,2417
2744,2418
2744,2419
2745,2420
2746,2421
2746,2422
2751,2423
2752,2424
2752,2425
2752,2426
2752,2427
2754,2428
2754,2429
2755,2430
2755,2431
2755,2432
2756,2433
2756,2434
2757,2435
2758,2436
2759,2437
2760,2438
2764,2439
2764,2440
2765,2441
2765,2442
2765,2443
2766,2444
2766,2445
2766,2446
2767,2447
2767,2448
2771,2449
2771,2450
2772,2451
2772,2452
2772,2453
2773,2454
2773,2455
2773,2456
2774,2457
2774,2458
2784,2459
2785,2460
2785,2461
2787,2462
2787,2463
2789,2464
2790,2465
2790,2466
2790,2467
2792,2468
2792,2469
2792,2470
2792,2471
2793,2472
2793,2473
2793,2474
2794,2475
2794,2476
2813,2477
2813,2478
2815,2479
2815,2480
2817,2481
2817,2482
2817,2483
2818,2484
2818,2485
2818,2486
2819,2487
2819,2488
2819,2489
2819,2490
2838,2491
2838,2492
2838,2493
2840,2494
2840,2495
2842,2496
2842,2497
2842,2498
2863,2499
2864,2500
2868,2501
2868,2502
2880,2503
2880,2504
2880,2505
2882,2506
2883,2507
2884,2508
2885,2509
2885,2510
2886,2511
2886,2512
2887,2513
2888,2514
2890,2515
2890,2516
2890,2517
2892,2518
2893,2519
2893,2520
2895,2521
2896,2522
2898,2523
2899,2524
2899,2525
2899,2526
2900,2527
2902,2528
2902,2529
2903,2530
2904,2531
2904,2532
2915,2533
2915,2534
2916,2535
2916,2536
2917,2537
2918,2538
2919,2539
2920,2540
2921,2541
2921,2542
2921,2543
2922,2544
2927,2545
2927,2546
2927,2547
2928,2548
2928,2549
2929,2550
2929,2551
2929,2552
2929,2553
2929,2554
2936,2555
2936,2556
2937,2557
2938,2558
2938,2559
2938,2560
2939,2561
2939,2562
2939,2563
2940,2564
2940,2565
2941,2566
2941,2567
2941,2568
2947,2569
2947,2570
2949,2571
2949,2572
2965,2573
2965,2574
2966,2575
2966,2576
2967,2577
2967,2578
2967,2579
2968,2580
2971,2581
2971,2582
2972,2583
2972,2584
2996,2585
2996,2586
2996,2587
2997,2588
2997,2589
2997,2590
3003,2591
3003,2592
3005,2593
3005,2594
3005,2595
3005,2596
3006,2597
3008,2598
3008,2599
3008,2600
3009,2601
3009,2602
3009,2603
3009,2604
3009,2605
3010,2606
3010,2607
3015,2608
3015,2609
3015,2610
3016,2611
3016,2612
3017,2613
3017,2614
3018,2615
3018,2616
3018,2617
3019,2618
3019,2619
3019,2620
3019,2621
3020,2622
3020,2623
3021,2624
3022,2625
3022,2626
3022,2627
3027,2628
3027,2629
3028,2630
3028,2631
3029,2632
3029,2633
3030,2634
3030,2635
3030,2636
3030,2637
3031,2638
3031,2639
3032,2640
3034,2641
3034,2642
3035,2643
3036,2644
3038,2645
3039,2646
3040,2647
3040,2648
3041,2649
3041,2650
3043,2651
3044,2652
3045,2653
3046,2654
3046,2655
3046,2656
3047,2657
3049,2658
3050,2659
3051,2660
3052,2661
3053,2662
3054,2663
3055,2664
3055,2665
3055,2666
3056,2667
3056,2668
3064,2669
3066,2670
3068,2671
3068,2672
3097,2673
3097,2674
3099,2675
3099,2676
3099,2677
3100,2678
3100,2679
3100,2680
3104,2681
3104,2682
3105,2683
3105,2684
3116,2685
3116,2686
3116,2687
3118,2688
3118,2689
3119,2690
3119,2691
3119,2692
3119,2693
3120,2694
3120,2695
3120,2696
3120,2697
3120,2698
3122,2699
3123,2700
3124,2701
3125,2702
3125,2703
3126,2704
3127,2705
3127,2706
3127,2707
3128,2708
3145,2709
3146,2710
3146,2711
3149,2712
3150,2713
3151,2714
3152,2715
3152,2716
3152,2717
3152,2718
3152,2719
3153,2720
3153,2721
3154,2722
3176,2723
3177,2724
3177,2725
3178,2726
3178,2727
3179,2728
3182,2729
3182,2730
3182,2731
3182,2732
3184,2733
3184,2734
3184,2735
3184,2736
3186,2737
3186,2738
3187,2739
3187,2740
3187,2741
3187,2742
3187,2743
3188,2744
3189,2745
3189,2746
3191,2747
3191,2748
3191,2749
3191,2750
3192,2751
3193,2752
3236,2753
3236,2754
3237,2755
3237,2756
3238,2757
3238,2758
3243,2759
3243,2760
3243,2761
3244,2762
3245,2763
3245,2764
3247,2765
3247,2766
3251,2767
3252,2768
3252,2769
3254,2770
3254,2771
3255,2772
3261,2773
3261,2774
3262,2775
3263,2776
3264,2777
3264,2778
3269,2779
3270,2780
3271,2781
3272,2782
3273,2783
3273,2784
3279,2785
3279,2786
3279,2787
3279,2788
3279,2789
3279,2790
3280,2791
3280,2792
3280,2793
3281,2794
3281,2795
3281,2796
3282,2797
3282,2798
3282,2799
3283,2800
3288,2801
3290,2802
3292,2803
3292,2804
3293,2805
3294,2806
3295,2807
3297,2808
3299,2809
3300,2810
3300,2811
3302,2812
3303,2813
3304,2814
3305,2815
3306,2816
3312,2817
3313,2818
3314,2819
3315,2820
3320,2821
3321,2822
3323,2823
3324,2824
3329,2825
3330,2826
3332,2827
3332,2828
3332,2829
3333,2830
3334,2831
3334,2832
3335,2833
3342,2834
3342,2835
3342,2836
3342,2837
3342,2838
3344,2839
3344,2840
3344,2841
3344,2842
3345,2843
3346,2844
3356,2845
3356,2846
3356,2847
3357,2848
3358,2849
3358,2850
3358,2851
3359,2852
3359,2853
3359,2854
3360,2855
3360,2856
3361,2857
3361,2858
3363,2859
3363,2860
3373,2861
3373,2862
3374,2863
3374,2864
3374,2865
3375,2866
3375,2867
3376,2868
3376,2869
3376,2870
3376,2871
3376,2872
3377,2873
3385,2874
3386,2875
3387,2876
3388,2877
3390,2878
3391,2879
3391,2880
3393,2881
3393,2882
3394,2883
3400,2884
3400,2885
3400,2886
3401,2887
3402,2888
3402,2889
3403,2890
3403,2891
3404,2892
3404,2893
3405,2894
3405,2895
3405,2896
3407,2897
3407,2898
3408,2899
3408,2900
3409,2901
3411,2902
3411,2903
3412,2904
3413,2905
3413,2906
3414,2907
3423,2908
3424,2909
3425,2910
3425,2911
3426,2912
3427,2913
3427,2914
3428,2915
3428,2916
3429,2917
3436,2918
3436,2919
3438,2920
3438,2921
3446,2922
3446,2923
3446,2924
3446,2925
3449,2926
3449,2927
3449,2928
3450,2929
3450,2930
3450,2931
3451,2932
3451,2933
3451,2934
3452,2935
3469,2936
3469,2937
3471,2938
3471,2939
3478,2940
3478,2941
3479,2942
3479,2943
3488,2944
3488,2945
3488,2946
3488,2947
3489,2948
3490,2949
3490,2950
3491,2951
3491,2952
3491,2953
3492,2954
3492,2955
3493,2956
3493,2957
3494,2958
3496,2959
3497,2960
3498,2961
3500,2962
3506,2963
3506,2964
3507,2965
3508,2966
3509,2967
3509,2968
3510,2969
3510,2970
3511,2971
3511,2972
3521,2973
3521,2974
3522,2975
3523,2976
3524,2977
3525,2978
3530,2979
3530,2980
3530,2981
3530,2982
3531,2983
3531,2984
3532,2985
3532,2986
3532,2987
3532,2988
3533,2989
3533,2990
3533,2991
3534,2992
3534,2993
3535,2994
3535,2995
3536,2996
3536,2997
3549,2998
3551,2999
3551,3000
3555,3001
3555,3002
3555,3003
3575,3004
3575,3005
3576,3006
3579,3007
3579,3008
3588,3009
3588,3010
3589,3011
3590,3012
3590,3013
3591,3014
3591,3015
3591,3016
3591,3017
3592,3018
3592,3019
3592,3020
3593,3021
3593,3022
3594,3023
3594,3024
3594,3025
3595,3026
3596,3027
3596,3028
3596,3029
3596,3030
3612,3031
3612,3032
3612,3033
3613,3034
3613,3035
3613,3036
3613,3037
3613,3038
3614,3039
3614,3040
3615,3041
3615,3042
3616,3043
3616,3044
3644,3045
3644,3046
3645,3047
3646,3048
3646,3049
3646,3050
3647,3051
3648,3052
3649,3053
3650,3054
3650,3055
3650,3056
3651,3057
3652,3058
3652,3059
3652,3060
3652,3061
3653,3062
3653,3063
3653,3064
3654,3065
3654,3066
3654,3067
3655,3068
3655,3069
3657,3070
3658,3071
3658,3072
3659,3073
3662,3074
3662,3075
3663,3076
3663,3077
3664,3078
3665,3079
3666,3080
3667,3081
3667,3082
3667,3083
3668,3084
3668,3085
3669,3086
3669,3087
3669,3088
3671,3089
3671,3090
3671,3091
3675,3092
3675,3093
3675,3094
3676,3095
3676,3096
3676,3097
3681,3098
3681,3099
3683,3100
3683,3101
3685,3102
3685,3103
3685,3104
3686,3105
3686,3106
3686,3107
3688,3108
3688,3109
3688,3110
3690,3111
3690,3112
3690,3113
3691,3114
3697,3115
3697,3116
3698,3117
3699,3118
3699,3119
3700,3120
3700,3121
3700,3122
3700,3123
3701,3124
3701,3125
3701,3126
3702,3127
3702,3128
3702,3129
3702,3130
3707,3131
3707,3132
3709,3133
3709,3134
3710,3135
3711,3136
3712,3137
3712,3138
3712,3139
3713,3140
3713,3141
3713,3142
3723,3143
3725,3144
3726,3145
3726,3146
3726,3147
3727,3148
3728,3149
3728,3150
3728,3151
3728,3152
3729,3153
3729,3154
3729,3155
3729,3156
3730,3157
3730,3158
3731,3159
3732,3160
3732,3161
3732,3162
3732,3163
3732,3164
3732,3165
3733,3166
3733,3167
3733,3168
3733,3169
3734,3170
3745,3171
3747,3172
3748,3173
3748,3174
3784,3175
3784,3176
3785,3177
3785,3178
3787,3179
3787,3180
3788,3181
3789,3182
3789,3183
3790,3184
3790,3185
3790,3186
3791,3187
3791,3188
3792,3189
3792,3190
3794,3191
3794,3192
3794,3193
3794,3194
3795,3195
3796,3196
3797,3197
3797,3198
3797,3199
3798,3200
3799,3201
3799,3202
3799,3203
3799,3204
3800,3205
3800,3206
3800,3207
3800,3208
3800,3209
3801,3210
3822,3211
3825,3212
3825,3213
3825,3214
3827,3215
3828,3216
3829,3217
3829,3218
3830,3219
3831,3220
3881,3221
3882,3222
3883,3223
3884,3224
3885,3225
3885,3226
3885,3227
3886,3228
3888,3229
3889,3230
3890,3231
3891,3232
3893,3233
3893,3234
3894,3235
3895,3236
3897,3237
3898,3238
3898,3239
3900,3240
3901,3241
3901,3242
3912,3243
3912,3244
3915,3245
3915,3246
3921,3247
3921,3248
3923,3249
3924,3250
3925,3251
3925,3252
3927,3253
3928,3254
3928,3255
3928,3256
3930,3257
3930,3258
3930,3259
3933,3260
3933,3261
3934,3262
3935,3263
3935,3264
3936,3265
3941,3266
3941,3267
3942,3268
3942,3269
3944,3270
3944,3271
3945,3272
3945,3273
3951,3274
3951,3275
3951,3276
3951,3277
3951,3278
3953,3279
3954,3280
3954,3281
3954,3282
3954,3283
3960,3284
3960,3285
3961,3286
3963,3287
3963,3288
3963,3289
3968,3290
3969,3291
3969,3292
3971,3293
3971,3294
3972,3295
3977,3296
3977,3297
3977,3298
3977,3299
3977,3300
3978,3301
3978,3302
3979,3303
3979,3304
3979,3305
3984,3306
3985,3307
3987,3308
3987,3309
3987,3310
3988,3311
3989,3312
3989,3313
3989,3314
3990,3315
3991,3316
3992,3317
3993,3318
3994,3319
3995,3320
4001,3321
4001,3322
4001,3323
4004,3324
4004,3325
4004,3326
4005,3327
4005,3328
4006,3329
4006,3330
4009,3331
4009,3332
4009,3333
4009,3334
4015,3335
4016,3336
4016,3337
4018,3338
4018,3339
4018,3340
4023,3341
4023,3342
4024,3343
4026,3344
4026,3345
4026,3346
4027,3347
4027,3348
4028,3349
4029,3350
4029,3351
4030,3352
4037,3353
4038,3354
4038,3355
4038,3356
4039,3357
4039,3358
4039,3359
4039,3360
4040,3361
4040,3362
4041,3363
4053,3364
4053,3365
4053,3366
4054,3367
4055,3368
4055,3369
4055,3370
4056,3371
4056,3372
4056,3373
4056,3374
4056,3375
4057,3376
4058,3377
4059,3378
4059,3379
4061,3380
4062,3381
4071,3382
4072,3383
4072,3384
4072,3385
4072,3386
4072,3387
4073,3388
4073,3389
4074,3390
4074,3391
4074,3392
4077,3393
4077,3394
4080,3395
4080,3396
4081,3397
4082,3398
4083,3399
4083,3400
4083,3401
4086,3402
4086,3403
4087,3404
4089,3405
4089,3406
4089,3407
4090,3408
4090,3409
4091,3410
4092,3411
4093,3412
4093,3413
4093,3414
4095,3415
4095,3416
4114,3417
4114,3418
4115,3419
4117,3420
4117,3421
4118,3422
4119,3423
4120,3424
4120,3425
4122,3426
4122,3427
4122,3428
4123,3429
4124,3430
4124,3431
4124,3432
4125,3433
4125,3434
4125,3435
4126,3436
4126,3437
4126,3438
4127,3439
4132,3440
4132,3441
4135,3442
4135,3443
4145,3444
4145,3445
4145,3446
4145,3447
4145,3448
4146,3449
4147,3450
4147,3451
4147,3452
4148,3453
4148,3454
4148,3455
4148,3456
4148,3457
4149,3458
4149,3459
4150,3460
4150,3461
4160,3462
4160,3463
4162,3464
4162,3465
4168,3466
4169,3467
4169,3468
4170,3469
4170,3470
4170,3471
4179,3472
4179,3473
4180,3474
4181,3475
4182,3476
4182,3477
4183,3478
4183,3479
4186,3480
4186,3481
4186,3482
4186,3483
4187,3484
4188,3485
4188,3486
4189,3487
4189,3488
4189,3489
4189,3490
4190,3491
4190,3492
4190,3493
4190,3494
4191,3495
4210,3496
4210,3497
4211,3498
4211,3499
4213,3500
4213,3501
4213,3502
4214,3503
4214,3504
4215,3505
4215,3506
4215,3507
4216,3508
4216,3509
4223,3510
4225,3511
4225,3512
4227,3513
4227,3514
4227,3515
4245,3516
4245,3517
4245,3518
4247,3519
4247,3520
4272,3521
4272,3522
4274,3523
4274,3524
4274,3525
4292,3526
4292,3527
4293,3528
4295,3529
4295,3530
4296,3531
4296,3532
4296,3533
4297,3534
4297,3535
4297,3536
4298,3537
4298,3538
4299,3539
4299,3540
4299,3541
4300,3542
4301,3543
4302,3544
4302,3545
4320,3546
4320,3547
4320,3548
4321,3549
4321,3550
4321,3551
4321,3552
4321,3553
4322,3554
4322,3555
4322,3556
4323,3557
4324,3558
4324,3559
4325,3560
4325,3561
4326,3562
4327,3563
4327,3564
4327,3565
4328,3566
4329,3567
4330,3568
4330,3569
4331,3570
4331,3571
4331,3572
4332,3573
4332,3574
4333,3575
4338,3576
4338,3577
4340,3578
4340,3579
4350,3580
4351,3581
4351,3582
4351,3583
4352,3584
4352,3585
4352,3586
4352,3587
4352,3588
4353,3589
4353,3590
4353,3591
4354,3592
4355,3593
4355,3594
4355,3595
4355,3596
4355,3597
4364,3598
4364,3599
4366,3600
4366,3601
4366,3602
4366,3603
4367,3604
4367,3605
4367,3606
4367,3607
4368,3608
4368,3609
4369,3610
4369,3611
4369,3612
4370,3613
4370,3614
4370,3615
4372,3616
4372,3617
4373,3618
4373,3619
4374,3620
4374,3621
4375,3622
4376,3623
4377,3624
4394,3625
4394,3626
4395,3627
4396,3628
4396,3629
4396,3630
4398,3631
4399,3632
4399,3633
4399,3634
4400,3635
4400,3636
4401,3637
4402,3638
4402,3639
4405,3640
4405,3641
4405,3642
4406,3643
4406,3644
4407,3645
4407,3646
4409,3647
4409,3648
4409,3649
4410,3650
4410,3651
4410,3652
4410,3653
4410,3654
4411,3655
4411,3656
4411,3657
4411,3658
4412,3659
4422,3660
4422,3661
4425,3662
4425,3663
4426,3664
4426,3665
4427,3666
4427,3667
4427,3668
4427,3669
4428,3670
4428,3671
4428,3672
4428,3673
4429,3674
4430,3675
4431,3676
4431,3677
4442,3678
4443,3679
4443,3680
4443,3681
4444,3682
4444,3683
4444,3684
4444,3685
4445,3686
4445,3687
4445,3688
4446,3689
4446,3690
4446,3691
4447,3692
4448,3693
4448,3694
4449,3695
4449,3696
4450,3697
4451,3698
4452,3699
4452,3700
4458,3701
4458,3702
4458,3703
4460,3704
4460,3705
4461,3706
4467,3707
4467,3708
4467,3709
4467,3710
4470,3711
4471,3712
4472,3713
4473,3714
4473,3715
4473,3716
4473,3717
4476,3718
4476,3719
4476,3720
4482,3721
4483,3722
4483,3723
4484,3724
4485,3725
4486,3726
4487,3727
4487,3728
4487,3729
4488,3730
4489,3731
4489,3732
4489,3733
4491,3734
4491,3735
4491,3736
4492,3737
4492,3738
4492,3739
4492,3740
4493,3741
4493,3742
4493,3743
4494,3744
4494,3745
4498,3746
4499,3747
4499,3748
4501,3749
4502,3750
4502,3751
4507,3752
4507,3753
4507,3754
4509,3755
4509,3756
4510,3757
4516,3758
4516,3759
4516,3760
4516,3761
4516,3762
4519,3763
4519,3764
4519,3765
4519,3766
4519,3767
4525,3768
4525,3769
4526,3770
4526,3771
4528,3772
4528,3773
4529,3774
4529,3775
4534,3776
4535,3777
4535,3778
4536,3779
4537,3780
4537,3781
4537,3782
4537,3783
4538,3784
4540,3785
4540,3786
4540,3787
4541,3788
4543,3789
4544,3790
4544,3791
4545,3792
4547,3793
4548,3794
4553,3795
4553,3796
4556,3797
4556,3798
4568,3799
4568,3800
4568,3801
4570,3802
4571,3803
4571,3804
4574,3805
4575,3806
4575,3807
4576,3808
4577,3809
4579,3810
4580,3811
4581,3812
4583,3813
4583,3814
4584,3815
4584,3816
4585,3817
4586,3818
4587,3819
4588,3820
4650,3821
4651,3822
4651,3823
4651,3824
4653,3825
4654,3826
4656,3827
4656,3828
4656,3829
4659,3830
4687,3831
4688,3832
4688,3833
4688,3834
4688,3835
4688,3836
4689,3837
4689,3838
4689,3839
4689,3840
4691,3841
4692,3842
4692,3843
4692,3844
4692,3845
4694,3846
4694,3847
4694,3848
4694,3849
4694,3850
4697,3851
4697,3852
4697,3853
4698,3854
4698,3855
4699,3856
4699,3857
4699,3858
4699,3859
4701,3860
4701,3861
4701,3862
4703,3863
4703,3864
4704,3865
4704,3866
4748,3867
4748,3868
4749,3869
4751,3870
4772,3871
4773,3872
4773,3873
4773,3874
4773,3875
4774,3876
4774,3877
4774,3878
4774,3879
4774,3880
4774,3881
4775,3882
4776,3883
4776,3884
4777,3885
4777,3886
4777,3887
4777,3888
4778,3889
4778,3890
4779,3891
4779,3892
4779,3893
4780,3894
4780,3895
4780,3896
4781,3897
4783,3898
4793,3899
4794,3900
4794,3901
4794,3902
4795,3903
4795,3904
4796,3905
4797,3906
4798,3907
4798,3908
4799,3909
4799,3910
4813,3911
4814,3912
4814,3913
4814,3914
4814,3915
4815,3916
4815,3917
4815,3918
4815,3919
4815,3920
4815,3921
4817,3922
4817,3923
4818,3924
4819,3925
4819,3926
4825,3927
4826,3928
4826,3929
4826,3930
4827,3931
4827,3932
4828,3933
4831,3934
4831,3935
4831,3936
4832,3937
4832,3938
4832,3939
4833,3940
4833,3941
4835,3942
4836,3943
4841,3944
4841,3945
4841,3946
4841,3947
4841,3948
4842,3949
4848,3950
4848,3951
4849,3952
4851,3953
4852,3954
4852,3955
4853,3956
4853,3957
4854,3958
4854,3959
4854,3960
4854,3961
4855,3962
4856,3963
4858,3964
4858,3965
4859,3966
4859,3967
4863,3968
4863,3969
4863,3970
4864,3971
4866,3972
4867,3973
4867,3974
4868,3975
4868,3976
4868,3977
4868,3978
4868,3979
4869,3980
4869,3981
4870,3982
4870,3983
4870,3984
4871,3985
4872,3986
4872,3987
4872,3988
4874,3989
4874,3990
4875,3991
4875,3992
4876,3993
4876,3994
4877,3995
4878,3996
4903,3997
4903,3998
4904,3999
4904,4000
4905,4001
4905,4002
4906,4003
4906,4004
4906,4005
4906,4006
4906,4007
4907,4008
4907,4009
4907,4010
4925,4011
4925,4012
4926,4013
4926,4014
4927,4015
4927,4016
4928,4017
4928,4018
4928,4019
4929,4020
4929,4021
4929,4022
4930,4023
4930,4024
4930,4025
4930,4026
4930,4027
4931,4028
4931,4029
4932,4030
4932,4031
4932,4032
4935,4033
4936,4034
4938,4035
4939,4036
4939,4037
4958,4038
4958,4039
4958,4040
4961,4041
4961,4042
4963,4043
4968,4044
4968,4045
4969,4046
4969,4047
4970,4048
4970,4049
4971,4050
4971,4051
4971,4052
4971,4053
4971,4054
4971,4055
4972,4056
4973,4057
4973,4058
4973,4059
4974,4060
4974,4061
4974,4062
4979,4063
4980,4064
4980,4065
4981,4066
4982,4067
4983,4068
4993,4069
4993,4070
4994,4071
4994,4072
4994,4073
4995,4074
4996,4075
4997,4076
4997,4077
4997,4078
5004,4079
5005,4080
5006,4081
5007,4082
5009,4083
5009,4084
5010,4085
5010,4086
5010,4087
5011,4088
5011,4089
5011,4090
5012,4091
5012,4092
5013,4093
5014,4094
5014,4095
5014,4096
5014,4097
5015,4098
5015,4099
5017,4100
5017,4101
5023,4102
5023,4103
5026,4104
5026,4105
5043,4106
5043,4107
5044,4108
5044,4109
5044,4110
5044,4111
5044,4112
5045,4113
5045,4114
5045,4115
5048,4116
5048,4117
5048,4118
5048,4119
5057,4120
5057,4121
5059,4122
5059,4123
5059,4124
5060,4125
5060,4126
5061,4127
5061,4128
5062,4129
5062,4130
5063,4131
5064,4132
5065,4133
5074,4134
5075,4135
5075,4136
5077,4137
5077,4138
5078,4139
5078,4140
5079,4141
5080,4142
5080,4143
5080,4144
5082,4145
5082,4146
5082,4147
5083,4148
5084,4149
5084,4150
5084,4151
5085,4152
5085,4153
5087,4154
5087,4155
5087,4156
5088,4157
5093,4158
5095,4159
5095,4160
5096,4161
5097,4162
5098,4163
5099,4164
5100,4165
5101,4166
5102,4167
5105,4168
5105,4169
5105,4170
5105,4171
5105,4172
5106,4173
5107,4174
5107,4175
5107,4176
5107,4177
5107,4178
5108,4179
5108,4180
5117,4181
5117,4182
5119,4183
5119,4184
5121,4185
5121,4186
5121,4187
5121,4188
5122,4189
5122,4190
5122,4191
5123,4192
5123,4193
5124,4194
5124,4195
5124,4196
5135,4197
5136,4198
5136,4199
5136,4200
5137,4201
5137,4202
5138,4203
5138,4204
5138,4205
5138,4206
5138,4207
5143,4208
5143,4209
5144,4210
5144,4211
5145,4212
5145,4213
5145,4214
5148,4215
5149,4216
5154,4217
5156,4218
5157,4219
5158,4220
5164,4221
5164,4222
5166,4223
5167,4224
5172,4225
5173,4226
5175,4227
5175,4228
5176,4229
5178,4230
5178,4231
5179,4232
5182,4233
5184,4234
5185,4235
5186,4236
5187,4237
5187,4238
5190,4239
5191,4240
5197,4241
5197,4242
5198,4243
5198,4244
5198,4245
5199,4246
5201,4247
5201,4248
5202,4249
5202,4250
5203,4251
5203,4252
5203,4253
5203,4254
5203,4255
5204,4256
5209,4257
5210,4258
5210,4259
5211,4260
5212,4261
5213,4262
5218,4263
5219,4264
5219,4265
5220,4266
5221,4267
5221,4268
5227,4269
5227,4270
5228,4271
5229,4272
5230,4273
5230,4274
5235,4275
5235,4276
5236,4277
5237,4278
5238,4279
5238,4280
5238,4281
5238,4282
5244,4283
5244,4284
5244,4285
5245,4286
5246,4287
5246,4288
5301,4289
5302,4290
5302,4291
5302,4292
5303,4293
5303,4294
5304,4295
5305,4296
5306,4297
5306,4298
5306,4299
5306,4300
5307,4301
5307,4302
5307,4303
5307,4304
5308,4305
5309,4306
5309,4307
5309,4308
5311,4309
5311,4310
5311,4311
5311,4312
5313,4313
5314,4314
5314,4315
5315,4316
5315,4317
5315,4318
5342,4319
5343,4320
5343,4321
5343,4322
5343,4323
5343,4324
5344,4325
5344,4326
5345,4327
5346,4328
5347,4329
5349,4330
5349,4331
5350,4332
5373,4333
5374,4334
5374,4335
5374,4336
5375,4337
5376,4338
5376,4339
5376,4340
5377,4341
5378,4342
5380,4343
5380,4344
5381,4345
5381,4346
5381,4347
5381,4348
5382,4349
5382,4350
5382,4351
5382,4352
5383,4353
5385,4354
5385,4355
5385,4356
5396,4357
5396,4358
5397,4359
5397,4360
5401,4361
5401,4362
5401,4363
5402,4364
5402,4365
5402,4366
5403,4367
5404,4368
5440,4369
5440,4370
5442,4371
5444,4372
5458,4373
5458,4374
5459,4375
5459,4376
5459,4377
5460,4378
5461,4379
5463,4380
5464,4381
5465,4382
5466,4383
5468,4384
5469,4385
5469,4386
5470,4387
5471,4388
5471,4389
5472,4390
5474,4391
5475,4392
5475,4393
5476,4394
5477,4395
5478,4396
5481,4397
5482,4398
5482,4399
5483,4400
5484,4401
5485,4402
5486,4403
5486,4404
5487,4405
5487,4406
5487,4407
5487,4408
5487,4409
5488,4410
5489,4411
5489,4412
5489,4413
5494,4414
5494,4415
5495,4416
5495,4417
5496,4418
5496,4419
5505,4420
5505,4421
5505,4422
5505,4423
5506,4424
5506,4425
5507,4426
5507,4427
5507,4428
5508,4429
5509,4430
5510,4431
5510,4432
5510,4433
5516,4434
5516,4435
5516,4436
5516,4437
5516,4438
5516,4439
5517,4440
5517,4441
5517,4442
5518,4443
5519,4444
5520,4445
5520,4446
5521,4447
5521,4448
5522,4449
5522,4450
5528,4451
5528,4452
5528,4453
5529,4454
5529,4455
5529,4456
5564,4457
5564,4458
5565,4459
5565,4460
5569,4461
5570,4462
5570,4463
5570,4464
5570,4465
5571,4466
5572,4467
5572,4468
5590,4469
5590,4470
5592,4471
5592,4472
5597,4473
5598,4474
5598,4475
5598,4476
5599,4477
5599,4478
5599,4479
5599,4480
5600,4481
5600,4482
5600,4483
5602,4484
5602,4485
5602,4486
5602,4487
5602,4488
5603,4489
5603,4490
5603,4491
5603,4492
5603,4493
5604,4494
5604,4495
5604,4496
5608,4497
5609,4498
5610,4499
5610,4500
5611,4501
5612,4502
5613,4503
5614,4504
5614,4505
5615,4506
5616,4507
5616,4508
5626,4509
5626,4510
5628,4511
5628,4512
5629,4513
5630,4514
5631,4515
5631,4516
5631,4517
5632,4518
5633,4519
5634,4520
5636,4521
5637,4522
5638,4523
5639,4524
5639,4525
5639,4526
5642,4527
5642,4528
5643,4529
5643,4530
5644,4531
5644,4532
5645,4533
5646,4534
5646,4535
5647,4536
5647,4537
5648,4538
5654,4539
5654,4540
5657,4541
5658,4542
5678,4543
5678,4544
5679,4545
5680,4546
5680,4547
5682,4548
5682,4549
5682,4550
5696,4551
5696,4552
5696,4553
5696,4554
5697,4555
5697,4556
5698,4557
5698,4558
5698,4559
5699,4560
5700,4561
5700,4562
5702,4563
5702,4564
5722,4565
5722,4566
5723,4567
5723,4568
5723,4569
5724,4570
5724,4571
5724,4572
5725,4573
5726,4574
5726,4575
5727,4576
5728,4577
5729,4578
5729,4579
5732,4580
5732,4581
5732,4582
5737,4583
5737,4584
5737,4585
5737,4586
5738,4587
5738,4588
5738,4589
5739,4590
5739,4591
5739,4592
5744,4593
5744,4594
5744,4595
5745,4596
5745,4597
5745,4598
5745,4599
5746,4600
5747,4601
5747,4602
5752,4603
5752,4604
5753,4605
5755,4606
5755,4607
5756,4608
5757,4609
5757,4610
5757,4611
5758,4612
5758,4613
5760,4614
5760,4615
5760,4616
5760,4617
5761,4618
5766,4619
5767,4620
5767,4621
5768,4622
5768,4623
5769,4624
5770,4625
5770,4626
5771,4627
5771,4628
5777,4629
5777,4630
5777,4631
5778,4632
5779,4633
5779,4634
5779,4635
5780,4636
5780,4637
5781,4638
5781,4639
5782,4640
5787,4641
5787,4642
5791,4643
5791,4644
5792,4645
5793,4646
5794,4647
5796,4648
5800,4649
5801,4650
5802,4651
5803,4652
5809,4653
5810,4654
5810,4655
5812,4656
5813,4657
5813,4658
5815,4659
5816,4660
5821,4661
5823,4662
5825,4663
5826,4664
5832,4665
5834,4666
5834,4667
5835,4668
5837,4669
5838,4670
5839,4671
5839,4672
5846,4673
5846,4674
5847,4675
5847,4676
5847,4677
5849,4678
5859,4679
5859,4680
5861,4681
5861,4682
5863,4683
5863,4684
5863,4685
5863,4686
5864,4687
5864,4688
5864,4689
5864,4690
5864,4691
5864,4692
5865,4693
5866,4694
5866,4695
5866,4696
5877,4697
5879,4698
5879,4699
5879,4700
5880,4701
5880,4702
5891,4703
5892,4704
5892,4705
5893,4706
5893,4707
5894,4708
5894,4709
5894,4710
5895,4711
5897,4712
5897,4713
5898,4714
5899,4715
5900,4716
5906,4717
5906,4718
5907,4719
5908,4720
5909,4721
5910,4722
5915,4723
5916,4724
5918,4725
5918,4726
5919,4727
5919,4728
5919,4729
5920,4730
5920,4731
5921,4732
5922,4733
5922,4734
5922,4735
5922,4736
5928,4737
5929,4738
5931,4739
5931,4740
5932,4741
5933,4742
5933,4743
5934,4744
5935,4745
5935,4746
5957,4747
5957,4748
5957,4749
5960,4750
5962,4751
5962,4752
5962,4753
5962,4754
5992,4755
5992,4756
5992,4757
5992,4758
5992,4759
5993,4760
5993,4761
5994,4762
5995,4763
5995,4764
5997,4765
5997,4766
5997,4767
5997,4768
6000,4769
6000,4770
6000,4771
6001,4772
6001,4773
6001,4774
6001,4775
6001,4776
6001,4777
6001,4778
6001,4779
6002,4780
6003,4781
6003,4782
6004,4783
6004,4784
6005,4785
6005,4786
6005,4787
6005,4788
6005,4789
6006,4790
6007,4791
6007,4792
6072,4793
6073,4794
6073,4795
6073,4796
6074,4797
6074,4798
6074,4799
6077,4800
6084,4801
6084,4802
6085,4803
6085,4804
6085,4805
6086,4806
6086,4807
6087,4808
6088,4809
6089,4810
6089,4811
6089,4812
6090,4813
6090,4814
6092,4815
6092,4816
6100,4817
6100,4818
6101,4819
6101,4820
6116,4821
6117,4822
6117,4823
6118,4824
6122,4825
6123,4826
6124,4827
6125,4828
6127,4829
6128,4830
6129,4831
6130,4832
6130,4833
6130,4834
6131,4835
6132,4836
6133,4837
6134,4838
6135,4839
6135,4840
6135,4841
6136,4842
6137,4843
6139,4844
6140,4845
6140,4846
6140,4847
6141,4848
6142,4849
6142,4850
6143,4851
6143,4852
6144,4853
6144,4854
6149,4855
6150,4856
6150,4857
6151,4858
6151,4859
6153,4860
6153,4861
6154,4862
6154,4863
6155,4864
6156,4865
6156,4866
6173,4867
6173,4868
6173,4869
6173,4870
6175,4871
6175,4872
6176,4873
6177,4874
6187,4875
6190,4876
6190,4877
6190,4878
6203,4879
6203,4880
6203,4881
6204,4882
6204,4883
6204,4884
6205,4885
6205,4886
6205,4887
6206,4888
6206,4889
6207,4890
6207,4891
6207,4892
6208,4893
6208,4894
6209,4895
6209,4896
6209,4897
6209,4898
6210,4899
6212,4900
6221,4901
6221,4902
6221,4903
6221,4904
6222,4905
6222,4906
6223,4907
6223,4908
6224,4909
6224,4910
6225,4911
6225,4912
6259,4913
6260,4914
6260,4915
6260,4916
6261,4917
6261,4918
6262,4919
6263,4920
6263,4921
6264,4922
6264,4923
6265,4924
6266,4925
6266,4926
6267,4927
6267,4928
6267,4929
6267,4930
6268,4931
6268,4932
6277,4933
6278,4934
6279,4935
6280,4936
6281,4937
6281,4938
6282,4939
6283,4940
6283,4941
6283,4942
6283,4943
6284,4944
6284,4945
6284,4946
6286,4947
6286,4948
6286,4949
6286,4950
6286,4951
6288,4952
6288,4953
6288,4954
6289,4955
6290,4956
6291,4957
6291,4958
6291,4959
6292,4960
6293,4961
6295,4962
6296,4963
6299,4964
6299,4965
6300,4966
6300,4967
6305,4968
6306,4969
6306,4970
6306,4971
6307,4972
6308,4973
6308,4974
6308,4975
6308,4976
6308,4977
6319,4978
6319,4979
6321,4980
6321,4981
6327,4982
6327,4983
6328,4984
6328,4985
6329,4986
6329,4987
6329,4988
6329,4989
6330,4990
6330,4991
6332,4992
6332,4993
6332,4994
6332,4995
6341,4996
6341,4997
6343,4998
6343,4999
6344,5000
6345,5001
6345,5002
6346,5003
6346,5004
6347,5005
6347,5006
6348,5007
6366,5008
6367,5009
6367,5010
6370,5011
6370,5012
6370,5013
6371,5014
6371,5015
6371,5016
6373,5017
6373,5018
6373,5019
6373,5020
6374,5021
6374,5022
6376,5023
6376,5024
6376,5025
6388,5026
6388,5027
6390,5028
6390,5029
6408,5030
6408,5031
6410,5032
6410,5033
6423,5034
6424,5035
6424,5036
6425,5037
6426,5038
6427,5039
6428,5040
6429,5041
6430,5042
6430,5043
6432,5044
6432,5045
6441,5046
6442,5047
6444,5048
6444,5049
6445,5050
6446,5051
6448,5052
6448,5053
6449,5054
6451,5055
6451,5056
6452,5057
6462,5058
6464,5059
6464,5060
6466,5061
6467,5062
6468,5063
6469,5064
6470,5065
6470,5066
6472,5067
6472,5068
6472,5069
6475,5070
6475,5071
6476,5072
6476,5073
6477,5074
6477,5075
6482,5076
6482,5077
6483,5078
6483,5079
6484,5080
6484,5081
6484,5082
6485,5083
6490,5084
6490,5085
6490,5086
6492,5087
6492,5088
6492,5089
6493,5090
6493,5091
6494,5092
6496,5093
6496,5094
6496,5095
6497,5096
6497,5097
6499,5098
6499,5099
6500,5100
6500,5101
6502,5102
6502,5103
6503,5104
6503,5105
6504,5106
6505,5107
6510,5108
6511,5109
6512,5110
6513,5111
6518,5112
6519,5113
6520,5114
6520,5115
6521,5116
6521,5117
6522,5118
6522,5119
6523,5120
6523,5121
6523,5122
6524,5123
6524,5124
6525,5125
6526,5126
6526,5127
6536,5128
6536,5129
6537,5130
6538,5131
6539,5132
6539,5133
6540,5134
6540,5135
6540,5136
6541,5137
6541,5138
6543,5139
6543,5140
6543,5141
6544,5142
6544,5143
6554,5144
6554,5145
6555,5146
6556,5147
6556,5148
6557,5149
6558,5150
6558,5151
6560,5152
6560,5153
6560,5154
6560,5155
6561,5156
6561,5157
6561,5158
6569,5159
6569,5160
6569,5161
6569,5162
6569,5163
6570,5164
6570,5165
6570,5166
6581,5167
6581,5168
6583,5169
6583,5170
6585,5171
6585,5172
6586,5173
6586,5174
6587,5175
6587,5176
6587,5177
6587,5178
6587,5179
6588,5180
6588,5181
6588,5182
6598,5183
6598,5184
6598,5185
6599,5186
6599,5187
6599,5188
6617,5189
6617,5190
6617,5191
6617,5192
6621,5193
6621,5194
6621,5195
6621,5196
6621,5197
6623,5198
6624,5199
6625,5200
6625,5201
6625,5202
6625,5203
6625,5204
6625,5205
6627,5206
6627,5207
6627,5208
6628,5209
6628,5210
6629,5211
6629,5212
6629,5213
6630,5214
6630,5215
6630,5216
6630,5217
6631,5218
6631,5219
6631,5220
6655,5221
6657,5222
6657,5223
6659,5224
6698,5225
6699,5226
6699,5227
6700,5228
6701,5229
6702,5230
6722,5231
6722,5232
6723,5233
6724,5234
6726,5235
6726,5236
6727,5237
6727,5238
6729,5239
6729,5240
6732,5241
6732,5242
6733,5243
6734,5244
6734,5245
6737,5246
6739,5247
6739,5248
6741,5249
6741,5250
6746,5251
6746,5252
6747,5253
6747,5254
6748,5255
6749,5256
6750,5257
6750,5258
6751,5259
6751,5260
6752,5261
6753,5262
6753,5263
6754,5264
6754,5265
6755,5266
6755,5267
6756,5268
6765,5269
6765,5270
6765,5271
6765,5272
6766,5273
6766,5274
6766,5275
6767,5276
6767,5277
6767,5278
6769,5279
6769,5280
6770,5281
6776,5282
6776,5283
6776,5284
6777,5285
6778,5286
6778,5287
6778,5288
6778,5289
6779,5290
6779,5291
6781,5292
6781,5293
6782,5294
6782,5295
6783,5296
6783,5297
6791,5298
6791,5299
6791,5300
6791,5301
6792,5302
6792,5303
6792,5304
6793,5305
6793,5306
6803,5307
6803,5308
6803,5309
6804,5310
6804,5311
6804,5312
6804,5313
6807,5314
6808,5315
6808,5316
6808,5317
6808,5318
6809,5319
6809,5320
6810,5321
6810,5322
6811,5323
6811,5324
6812,5325
6812,5326
6812,5327
6813,5328
6823,5329
6823,5330
6824,5331
6824,5332
6826,5333
6826,5334
6827,5335
6827,5336
6838,5337
6838,5338
6839,5339
6839,5340
6849,5341
6850,5342
6850,5343
6851,5344
6885,5345
6886,5346
6886,5347
6886,5348
6886,5349
6886,5350
6894,5351
6894,5352
6894,5353
6896,5354
6896,5355
6896,5356
6896,5357
6896,5358
6905,5359
6906,5360
6906,5361
6906,5362
6907,5363
6908,5364
6908,5365
6908,5366
6909,5367
6909,5368
6909,5369
6919,5370
6919,5371
6919,5372
6919,5373
6919,5374
6919,5375
6921,5376
6921,5377
6921,5378
6922,5379
6922,5380
6922,5381
6923,5382
6923,5383
6923,5384
6923,5385
6923,5386
6924,5387
6924,5388
6924,5389
6924,5390
6924,5391
6931,5392
6931,5393
6931,5394
6932,5395
6932,5396
6933,5397
6933,5398
6933,5399
6934,5400
6934,5401
6935,5402
6935,5403
6936,5404
6937,5405
6937,5406
6938,5407
6946,5408
6947,5409
6947,5410
6948,5411
6949,5412
6950,5413
6950,5414
6950,5415
6950,5416
6951,5417
6951,5418
6952,5419
6953,5420
6954,5421
6954,5422
6960,5423
6960,5424
6964,5425
6964,5426
6965,5427
6965,5428
6966,5429
6967,5430
6967,5431
6967,5432
6967,5433
6967,5434
6968,5435
6968,5436
6968,5437
6969,5438
6969,5439
6969,5440
6969,5441
6969,5442
6969,5443
6969,5444
6970,5445
6970,5446
6973,5447
6974,5448
6975,5449
6975,5450
6976,5451
6976,5452
6976,5453
6977,5454
6981,5455
6982,5456
6983,5457
6984,5458
6984,5459
6985,5460
6986,5461
6987,5462
6987,5463
6988,5464
6989,5465
6989,5466
6990,5467
6990,5468
6995,5469
6996,5470
6996,5471
6997,5472
6997,5473
6998,5474
6999,5475
6999,5476
7000,5477
7000,5478
7001,5479
7001,5480
7002,5481
7003,5482
7003,5483
7004,5484
7004,5485
7005,5486
7006,5487
7006,5488
7007,5489
7008,5490
7008,5491
7008,5492
7009,5493
7009,5494
7009,5495
7010,5496
7010,5497
7010,5498
7017,5499
7017,5500
7020,5501
7020,5502
7020,5503
7021,5504
7022,5505
7023,5506
7024,5507
7026,5508
7026,5509
7028,5510
7033,5511
7033,5512
7035,5513
7036,5514
7037,5515
7039,5516
7040,5517
7041,5518
7042,5519
7044,5520
7045,5521
7046,5522
7055,5523
7055,5524
7056,5525
7058,5526
7060,5527
7062,5528
7062,5529
7063,5530
7063,5531
7071,5532
7071,5533
7074,5534
7074,5535
7091,5536
7092,5537
7092,5538
7093,5539
7111,5540
7111,5541
7111,5542
7112,5543
7112,5544
7113,5545
7113,5546
7114,5547
7115,5548
7115,5549
7117,5550
7117,5551
7134,5552
7134,5553
7134,5554
7134,5555
7135,5556
7135,5557
7136,5558
7136,5559
7136,5560
7137,5561
7137,5562
7137,5563
7139,5564
7139,5565
7139,5566
7139,5567
7140,5568
7141,5569
7142,5570
7142,5571
7152,5572
7153,5573
7153,5574
7153,5575
7154,5576
7154,5577
7154,5578
7154,5579
7155,5580
7155,5581
7161,5582
7161,5583
7164,5584
7164,5585
7181,5586
7181,5587
7181,5588
7181,5589
7181,5590
7181,5591
7181,5592
7181,5593
7182,5594
7183,5595
7183,5596
7183,5597
7183,5598
7184,5599
7184,5600
7184,5601
7190,5602
7190,5603
7192,5604
7192,5605
7196,5606
7196,5607
7196,5608
7197,5609
7197,5610
7198,5611
7199,5612
7199,5613
7200,5614
7201,5615
7202,5616
7203,5617
7203,5618
7205,5619
7205,5620
7206,5621
7207,5622
7208,5623
7208,5624
7209,5625
7222,5626
7223,5627
7224,5628
7224,5629
7225,5630
7226,5631
7228,5632
7228,5633
7230,5634
7230,5635
7230,5636
7231,5637
7232,5638
7232,5639
7232,5640
7233,5641
7233,5642
7234,5643
7234,5644
7235,5645
7236,5646
7236,5647
7237,5648
7250,5649
7250,5650
7252,5651
7254,5652
7264,5653
7264,5654
7265,5655
7265,5656
7285,5657
7285,5658
7285,5659
7286,5660
7287,5661
7287,5662
7288,5663
7289,5664
7291,5665
7291,5666
7292,5667
7292,5668
7303,5669
7303,5670
7304,5671
7304,5672
7304,5673
7304,5674
7304,5675
7305,5676
7305,5677
7305,5678
7306,5679
7306,5680
7306,5681
7306,5682
7307,5683
7307,5684
7309,5685
7309,5686
7310,5687
7310,5688
7327,5689
7327,5690
7327,5691
7328,5692
7328,5693
7328,5694
7328,5695
7331,5696
7331,5697
7337,5698
7337,5699
7339,5700
7339,5701
7341,5702
7341,5703
7342,5704
7342,5705
7342,5706
7342,5707
7343,5708
7344,5709
7344,5710
7345,5711
7345,5712
7345,5713
7350,5714
7350,5715
7351,5716
7351,5717
7352,5718
7352,5719
7352,5720
7353,5721
7353,5722
7364,5723
7364,5724
7365,5725
7365,5726
7365,5727
7366,5728
7366,5729
7366,5730
7368,5731
7368,5732
7369,5733
7370,5734
7370,5735
7372,5736
7372,5737
7374,5738
7374,5739
7375,5740
7375,5741
7375,5742
7376,5743
7377,5744
7377,5745
7378,5746
7378,5747
7379,5748
7379,5749
7384,5750
7384,5751
7385,5752
7386,5753
7387,5754
7388,5755
7388,5756
7388,5757
7389,5758
7389,5759
7389,5760
7390,5761
7392,5762
7392,5763
7393,5764
7393,5765
7395,5766
7395,5767
7397,5768
7397,5769
7397,5770
7398,5771
7415,5772
7415,5773
7416,5774
7417,5775
7417,5776
7418,5777
7418,5778
7419,5779
7419,5780
7442,5781
7442,5782
7445,5783
7446,5784
7446,5785
7447,5786
7449,5787
7450,5788
7460,5789
7460,5790
7460,5791
7460,5792
7460,5793
7460,5794
7461,5795
7462,5796
7462,5797
7463,5798
7463,5799
7463,5800
7463,5801
7463,5802
7464,5803
7464,5804
7464,5805
7464,5806
7464,5807
7465,5808
7466,5809
7466,5810
7467,5811
7467,5812
7467,5813
7467,5814
7467,5815
7468,5816
7470,5817
7470,5818
7470,5819
7470,5820
7504,5821
7505,5822
7505,5823
7505,5824
7506,5825
7506,5826
7510,5827
7510,5828
7511,5829
7511,5830
7512,5831
7512,5832
7513,5833
7514,5834
7515,5835
7515,5836
7515,5837
7516,5838
7516,5839
7516,5840
7524,5841
7525,5842
7526,5843
7526,5844
7527,5845
7527,5846
7529,5847
7530,5848
7531,5849
7532,5850
7537,5851
7537,5852
7538,5853
7538,5854
7539,5855
7539,5856
7539,5857
7539,5858
7540,5859
7540,5860
7542,5861
7542,5862
7543,5863
7543,5864
7544,5865
7545,5866
7545,5867
7545,5868
7545,5869
7546,5870
7554,5871
7554,5872
7556,5873
7557,5874
7557,5875
7557,5876
7568,5877
7568,5878
7568,5879
7568,5880
7569,5881
7570,5882
7571,5883
7571,5884
7571,5885
7571,5886
7571,5887
7581,5888
7581,5889
7581,5890
7581,5891
7581,5892
7583,5893
7583,5894
7583,5895
7584,5896
7584,5897
7586,5898
7586,5899
7587,5900
7587,5901
7588,5902
7588,5903
7592,5904
7593,5905
7593,5906
7595,5907
7595,5908
7596,5909
7599,5910
7599,5911
7604,5912
7605,5913
7606,5914
7606,5915
7607,5916
7608,5917
7610,5918
7610,5919
7611,5920
7611,5921
7613,5922
7615,5923
7621,5924
7623,5925
7623,5926
7624,5927
7628,5928
7629,5929
7631,5930
7631,5931
7632,5932
7632,5933
7633,5934
7633,5935
7634,5936
7636,5937
7636,5938
7637,5939
7637,5940
7637,5941
7637,5942
7641,5943
7641,5944
7642,5945
7642,5946
7642,5947
7643,5948
7643,5949
7644,5950
7644,5951
7644,5952
7650,5953
7650,5954
7651,5955
7652,5956
7652,5957
7653,5958
7654,5959
7655,5960
7655,5961
7655,5962
7656,5963
7657,5964
7657,5965
7657,5966
7663,5967
7663,5968
7664,5969
7665,5970
7665,5971
7666,5972
7667,5973
7670,5974
7671,5975
7671,5976
7672,5977
7672,5978
7673,5979
7673,5980
7682,5981
7682,5982
7684,5983
7684,5984
7686,5985
7686,5986
7686,5987
7686,5988
7687,5989
7688,5990
7688,5991
7688,5992
7689,5993
7689,5994
7705,5995
7705,5996
7705,5997
7705,5998
7706,5999
7707,6000
7707,6001
7707,6002
7708,6003
7708,6004
7709,6005
7709,6006
7709,6007
7709,6008
7709,6009
7710,6010
7710,6011
7712,6012
7712,6013
7712,6014
7726,6015
7727,6016
7731,6017
7731,6018
7763,6019
7764,6020
7765,6021
7765,6022
7765,6023
7766,6024
7767,6025
7767,6026
7768,6027
7769,6028
7769,6029
7770,6030
7776,6031
7776,6032
7777,6033
7778,6034
7779,6035
7779,6036
7787,6037
7787,6038
7789,6039
7790,6040
7792,6041
7793,6042
7794,6043
7795,6044
7795,6045
7796,6046
7797,6047
7797,6048
7798,6049
7798,6050
7799,6051
7800,6052
7801,6053
7802,6054
7809,6055
7809,6056
7809,6057
7809,6058
7810,6059
7810,6060
7810,6061
7811,6062
7817,6063
7817,6064
7819,6065
7819,6066
7828,6067
7828,6068
7828,6069
7828,6070
7829,6071
7829,6072
7829,6073
7829,6074
7830,6075
7830,6076
7830,6077
7830,6078
7836,6079
7836,6080
7837,6081
7837,6082
7850,6083
7850,6084
7851,6085
7851,6086
7853,6087
7854,6088
7854,6089
7854,6090
7855,6091
7855,6092
7856,6093
7857,6094
7866,6095
7866,6096
7867,6097
7867,6098
7869,6099
7869,6100
7869,6101
7870,6102
7870,6103
7870,6104
7871,6105
7871,6106
7871,6107
7871,6108
7871,6109
7872,6110
7887,6111
7887,6112
7889,6113
7891,6114
7901,6115
7901,6116
7902,6117
7902,6118
7917,6119
7917,6120
7918,6121
7919,6122
7920,6123
7921,6124
7921,6125
7921,6126
7922,6127
7922,6128
7922,6129
7923,6130
7923,6131
7924,6132
7925,6133
7925,6134
7925,6135
7931,6136
7932,6137
7933,6138
7933,6139
7934,6140
7935,6141
7935,6142
7936,6143
7936,6144
7936,6145
7937,6146
7937,6147
7937,6148
7938,6149
7944,6150
7944,6151
7945,6152
7946,6153
7946,6154
7947,6155
7948,6156
7948,6157
7949,6158
7949,6159
7959,6160
7959,6161
7960,6162
7960,6163
7968,6164
7968,6165
7970,6166
7970,6167
7973,6168
7973,6169
7973,6170
7974,6171
7974,6172
7975,6173
7975,6174
7976,6175
7976,6176
7976,6177
7977,6178
7977,6179
7982,6180
7982,6181
7983,6182
7983,6183
8002,6184
8005,6185
8008,6186
8022,6187
8022,6188
8022,6189
8023,6190
8023,6191
8023,6192
8023,6193
8024,6194
8024,6195
8025,6196
8026,6197
8026,6198
8026,6199
8026,6200
8026,6201
8027,6202
8028,6203
8028,6204
8029,6205
8029,6206
8030,6207
8030,6208
8030,6209
8030,6210
8032,6211
8033,6212
8033,6213
8033,6214
8033,6215
8034,6216
8040,6217
8040,6218
8040,6219
8040,6220
8043,6221
8043,6222
8043,6223
8044,6224
8078,6225
8078,6226
8078,6227
8079,6228
8079,6229
8079,6230
8084,6231
8084,6232
8085,6233
8085,6234
8086,6235
8087,6236
8091,6237
8091,6238
8092,6239
8092,6240
8093,6241
8093,6242
8093,6243
8093,6244
8093,6245
8094,6246
8095,6247
8096,6248
8096,6249
8096,6250
8097,6251
8098,6252
8102,6253
8104,6254
8104,6255
8105,6256
8105,6257
8106,6258
8106,6259
8106,6260
8111,6261
8113,6262
8113,6263
8114,6264
8114,6265
8115,6266
8115,6267
8116,6268
8117,6269
8117,6270
8118,6271
8118,6272
8118,6273
8118,6274
8123,6275
8124,6276
8124,6277
8125,6278
8130,6279
8130,6280
8131,6281
8133,6282
8133,6283
8134,6284
8135,6285
8136,6286
8136,6287
8137,6288
8137,6289
8138,6290
8139,6291
8140,6292
8140,6293
8145,6294
8147,6295
8147,6296
8147,6297
8150,6298
8151,6299
8152,6300
8152,6301
8153,6302
8153,6303
8156,6304
8157,6305
8158,6306
8159,6307
8160,6308
8160,6309
8161,6310
8162,6311
8162,6312
8162,6313
8163,6314
8163,6315
8164,6316
8172,6317
8172,6318
8172,6319
8173,6320
8173,6321
8174,6322
8174,6323
8174,6324
8175,6325
8175,6326
8175,6327
8175,6328
8175,6329
8185,6330
8185,6331
8186,6332
8187,6333
8187,6334
8187,6335
8196,6336
8197,6337
8197,6338
8197,6339
8198,6340
8198,6341
8198,6342
8199,6343
8199,6344
8199,6345
8201,6346
8201,6347
8202,6348
8202,6349
8202,6350
8203,6351
8211,6352
8212,6353
8212,6354
8213,6355
8214,6356
8215,6357
8215,6358
8216,6359
8216,6360
8217,6361
8225,6362
8226,6363
8227,6364
8228,6365
8229,6366
8230,6367
8230,6368
8231,6369
8231,6370
8232,6371
8238,6372
8239,6373
8239,6374
8240,6375
8240,6376
8241,6377
8241,6378
8242,6379
8242,6380
8242,6381
8249,6382
8249,6383
8250,6384
8250,6385
8256,6386
8256,6387
8258,6388
8258,6389
8267,6390
8267,6391
8269,6392
8269,6393
8274,6394
8274,6395
8274,6396
8275,6397
8275,6398
8275,6399
8275,6400
8275,6401
8275,6402
8276,6403
8277,6404
8277,6405
8286,6406
8286,6407
8287,6408
8287,6409
8287,6410
8288,6411
8293,6412
8293,6413
8293,6414
8294,6415
8294,6416
8294,6417
8294,6418
8294,6419
8295,6420
8295,6421
8295,6422
8296,6423
8296,6424
8297,6425
8298,6426
8298,6427
8299,6428
8300,6429
8300,6430
8308,6431
8309,6432
8309,6433
8309,6434
8310,6435
8310,6436
8310,6437
8311,6438
8311,6439
8312,6440
8313,6441
8313,6442
8314,6443
8314,6444
8315,6445
8319,6446
8319,6447
8320,6448
8320,6449
8321,6450
8321,6451
8331,6452
8332,6453
8333,6454
8334,6455
8334,6456
8351,6457
8352,6458
8362,6459
8362,6460
8362,6461
8362,6462
8362,6463
8363,6464
8363,6465
8363,6466
8364,6467
8364,6468
8366,6469
8366,6470
8367,6471
8367,6472
8383,6473
8383,6474
8383,6475
8383,6476
8384,6477
8384,6478
8384,6479
8384,6480
8385,6481
8385,6482
8386,6483
8386,6484
8386,6485
8388,6486
8388,6487
8388,6488
8395,6489
8396,6490
8396,6491
8396,6492
8396,6493
8397,6494
8404,6495
8404,6496
8405,6497
8405,6498
8408,6499
8408,6500
8408,6501
8409,6502
8409,6503
8409,6504
8409,6505
8410,6506
8410,6507
8414,6508
8415,6509
8415,6510
8415,6511
8416,6512
8416,6513
8417,6514
8417,6515
8417,6516
8417,6517
8424,6518
8425,6519
8425,6520
8425,6521
8427,6522
8428,6523
8432,6524
8433,6525
8433,6526
8434,6527
8434,6528
8435,6529
8437,6530
8437,6531
8438,6532
8438,6533
8439,6534
8440,6535
8441,6536
8441,6537
8442,6538
8443,6539
8445,6540
8445,6541
8446,6542
8446,6543
8447,6544
8447,6545
8450,6546
8450,6547
8451,6548
8452,6549
8452,6550
8452,6551
8453,6552
8454,6553
8466,6554
8468,6555
8468,6556
8469,6557
8491,6558
8491,6559
8491,6560
8492,6561
8492,6562
8492,6563
8494,6564
8494,6565
8495,6566
8495,6567
8497,6568
8497,6569
8507,6570
8507,6571
8507,6572
8507,6573
8508,6574
8508,6575
8508,6576
8508,6577
8508,6578
8508,6579
8509,6580
8509,6581
8510,6582
8510,6583
8510,6584
8511,6585
8511,6586
8511,6587
8523,6588
8523,6589
8525,6590
8526,6591
8527,6592
8527,6593
8527,6594
8527,6595
8538,6596
8538,6597
8538,6598
8539,6599
8539,6600
8540,6601
8541,6602
8541,6603
8542,6604
8542,6605
8544,6606
8544,6607
8545,6608
8545,6609
8545,6610
8545,6611
8545,6612
8546,6613
8546,6614
8546,6615
8547,6616
8547,6617
8547,6618
8547,6619
8547,6620
8548,6621
8552,6622
8553,6623
8553,6624
8575,6625
8575,6626
8575,6627
8575,6628
8576,6629
8576,6630
8578,6631
8579,6632
8579,6633
8579,6634
8580,6635
8581,6636
8581,6637
8581,6638
8582,6639
8582,6640
8582,6641
8584,6642
8584,6643
8587,6644
8587,6645
8588,6646
8588,6647
8588,6648
8588,6649
8590,6650
8590,6651
8591,6652
8591,6653
8592,6654
8593,6655
8593,6656
8593,6657
8596,6658
8596,6659
8596,6660
8596,6661
8597,6662
8597,6663
8598,6664
8598,6665
8599,6666
8600,6667
8600,6668
8600,6669
8601,6670
8601,6671
8601,6672
8601,6673
8601,6674
8601,6675
8601,6676
8604,6677
8604,6678
8604,6679
8605,6680
8605,6681
8605,6682
8605,6683
8605,6684
8606,6685
8606,6686
8608,6687
8609,6688
8609,6689
8609,6690
8609,6691
8610,6692
8610,6693
8610,6694
8610,6695
8611,6696
8612,6697
8612,6698
8612,6699
8612,6700
8613,6701
8613,6702
8617,6703
8618,6704
8618,6705
8618,6706
8621,6707
8622,6708
8623,6709
8623,6710
8623,6711
8623,6712
8624,6713
8624,6714
8625,6715
8626,6716
8626,6717
8626,6718
8626,6719
8626,6720
8626,6721
8626,6722
8626,6723
8626,6724
8629,6725
8629,6726
8630,6727
8630,6728
8630,6729
8630,6730
8631,6731
8631,6732
8632,6733
8632,6734
8632,6735
8633,6736
8638,6737
8638,6738
8638,6739
8638,6740
8639,6741
8639,6742
8640,6743
8640,6744
8641,6745
8641,6746
8641,6747
8641,6748
8641,6749
8641,6750
8642,6751
8644,6752
8645,6753
8645,6754
8645,6755
8646,6756
8646,6757
8646,6758
8646,6759
8647,6760
8647,6761
8649,6762
8650,6763
8650,6764
8650,6765
8650,6766
8650,6767
8655,6768
8655,6769
8655,6770
8655,6771
8656,6772
8657,6773
8657,6774
8657,6775
8657,6776
8657,6777
8657,6778
8662,6779
8663,6780
8663,6781
8664,6782
8664,6783
8664,6784
8669,6785
8669,6786
8669,6787
8669,6788
8670,6789
8670,6790
8670,6791
8670,6792
8676,6793
8676,6794
8676,6795
8676,6796
8676,6797
8677,6798
8677,6799
8677,6800
8677,6801
8677,6802
8678,6803
8679,6804
8679,6805
8679,6806
8679,6807
8680,6808
8680,6809
8680,6810
8681,6811
8681,6812
8681,6813
8681,6814
8682,6815
8682,6816
8682,6817
8682,6818
8683,6819
8688,6820
8688,6821
8688,6822
8689,6823
8689,6824
8689,6825
8690,6826
8691,6827
8691,6828
8692,6829
8692,6830
8693,6831
8693,6832
8693,6833
8694,6834
8694,6835
8694,6836
8694,6837
8695,6838
8696,6839
8700,6840
8700,6841
8701,6842
8701,6843
8705,6844
8705,6845
8705,6846
8706,6847
8706,6848
8706,6849
8716,6850
8716,6851
8718,6852
8718,6853
8720,6854
8721,6855
8721,6856
8721,6857
8721,6858
8721,6859
8721,6860
8721,6861
8722,6862
8722,6863
8722,6864
8722,6865
8726,6866
8726,6867
8727,6868
8727,6869
8729,6870
8729,6871
8729,6872
8729,6873
8729,6874
8730,6875
8730,6876
8730,6877
8731,6878
8731,6879
8739,6880
8740,6881
8740,6882
8741,6883
8741,6884
8741,6885
8742,6886
8742,6887
8742,6888
8742,6889
8742,6890
8742,6891
8742,6892
8742,6893
8743,6894
8743,6895
8743,6896
8743,6897
8748,6898
8748,6899
8749,6900
8750,6901
8750,6902
8760,6903
8762,6904
8767,6905
8767,6906
8768,6907
8768,6908
8769,6909
8769,6910
8770,6911
8770,6912
8770,6913
8771,6914
8771,6915
8772,6916
8772,6917
8773,6918
8773,6919
8773,6920
8773,6921
8775,6922
8775,6923
8776,6924
8776,6925
8776,6926
8777,6927
8777,6928
8778,6929
8778,6930
8778,6931
8778,6932
8779,6933
8780,6934
8780,6935
8780,6936
8781,6937
8781,6938
8782,6939
8783,6940
8787,6941
8787,6942
8787,6943
8787,6944
8787,6945
8788,6946
8793,6947
8793,6948
8794,6949
8794,6950
8794,6951
8794,6952
8794,6953
8794,6954
8795,6955
8796,6956
8796,6957
8797,6958
8797,6959
8800,6960
8800,6961
8800,6962
8801,6963
8801,6964
8801,6965
8801,6966
8801,6967
8801,6968
8802,6969
8802,6970
8802,6971
8808,6972
8808,6973
8809,6974
8809,6975
8811,6976
8811,6977
8811,6978
8811,6979
8818,6980
8818,6981
8818,6982
8819,6983
8819,6984
8819,6985
8820,6986
8820,6987
8821,6988
8821,6989
8821,6990
8821,6991
8821,6992
8821,6993
8821,6994
8822,6995
8822,6996
8822,6997
8827,6998
8828,6999
8828,7000
8829,7001
8835,7002
8835,7003
8835,7004
8836,7005
8841,7006
8841,7007
8841,7008
8841,7009
8843,7010
8843,7011
8843,7012
8843,7013
8844,7014
8845,7015
8845,7016
8845,7017
8846,7018
8846,7019
8846,7020
8847,7021
8848,7022
8848,7023
8848,7024
8848,7025
8848,7026
8848,7027
8849,7028
8849,7029
8853,7030
8853,7031
8853,7032
8854,7033
8855,7034
8855,7035
8855,7036
8855,7037
8858,7038
8859,7039
8859,7040
